,Time,Tweet,Favorites,Retweets,Sentiment,keyPhrases
0,2019-06-17 05:40:17,A BEGINNERS GUIDE TO CLIMATE CHANGE https://t.co/ERiYnIcZZI via @makeandmendyear #SustainableLifestyle https://t.co/Dph8pW5nco,0,0,0.5,"['CLIMATE CHANGE', 'makeandmendyear', 'BEGINNERS GUIDE', 'SustainableLifestyle']"
1,2019-06-17 04:31:15,Duces-\n.\n.\n.\n\n.\n.\n#zag1 \n#healthylifestyle \n#sustainablelifestyle \n#kernactivetransportation https://t.co/lAIvJPAMq3,0,0,0.17250922322273254,"['sustainablelifestyle', 'healthylifestyle', 'zag1', 'kernactivetransportation', 'Duces-']"
2,2019-06-17 04:26:25,#zag1 \n.\n.\n.\n.\n.\n.\n.\n.\n#fathersday2019 \n#healthylifestyle \n#sustainablelifestyle \n#bakersfieldcalifornia \n#mtb https://t.co/K6dT7oceR2,1,0,0.24423745274543762,"['sustainablelifestyle', 'bakersfieldcalifornia', 'healthylifestyle', 'fathersday2019', 'mtb', 'zag1']"
3,2019-06-17 04:22:48,#fathersday2919 #zag1 \n#bakersfieldcalifornia \n#sustainablelifestyle \n#healthylifestyle \n#tehachapimountains #mtb https://t.co/KqEvK5nv3Q,1,0,0.24513858556747437,"['healthylifestyle', 'bakersfieldcalifornia', 'sustainablelifestyle', 'zag1', 'tehachapimountains', 'mtb', 'fathersday2919']"
4,2019-06-17 03:14:38,RT @lozantonenko: Natural diffuser blends are easy to make &amp; can work wonders for your health. Find out more about how to make blends or bu,0,1,0.9462611675262451,"['Natural diffuser blends', 'lozantonenko', 'RT', 'amp', 'wonders', 'health', 'bu']"
5,2019-06-17 02:19:49,Flora-\n.\n.\n.\n.\n.\n#zag1 \n#healthylifestyle \n#sustainablelifestyle \n#bakersfieldcalifornia \n#kernactivetransportation https://t.co/GRJTZh2N8y,0,0,0.2398330271244049,"['sustainablelifestyle', 'bakersfieldcalifornia', 'healthylifestyle', 'zag1', 'kernactivetransportation', 'Flora-']"
6,2019-06-17 02:00:23,Natural diffuser blends are easy to make &amp; can work wonders for your health. Find out more about how to make blends https://t.co/axcC7IVfhN,1,1,0.952505350112915,"['Natural diffuser blends', 'amp', 'wonders', 'health']"
7,2019-06-16 17:00:15,3 Tips For Living a More Sustainable Lifestyle https://t.co/HA6nhtE7GU #tips #living #sustainablelifestyle,0,0,0.5,"['Tips', 'living', 'Sustainable Lifestyle', 'sustainablelifestyle']"
8,2019-06-16 16:26:10,"RT @PatVillaceran: https://t.co/Ya7i0H4LwN - On #menthealth, #sustainablelifestyle, and #socialmedia.\n\nThanks for the recommendation @Micha",0,1,0.729938268661499,"['PatVillaceran', 'recommendation', 'menthealth', 'socialmedia', 'sustainablelifestyle', 'RT', 'Micha']"
9,2019-06-16 11:22:50,RT @lozantonenko:  You have the power to create the best life possible for yourself and your family  \n\n#healthcoach #coach #lifesty,0,1,0.9411737322807312,"['power', 'family', 'best life possible', 'healthcoach', 'lozantonenko', 'lifesty', 'RT']"
10,2019-06-16 09:00:30, You have the power to create the best life possible for yourself and your family  \n\n#healthcoach #coach https://t.co/VP3JOIZoEh,2,1,0.9436666965484619,"['family', 'best life possible', 'power', 'healthcoach']"
11,2019-06-16 01:40:21,RT @ZacAllyn: Jump in the fire-\n.\n.\n.\n.\n.\n.\n#zag1 \n#cycling \n#bicycle \n#healthylifestyle \n#sustainablelifestyle \n#bakersfieldcalifornia \n#k,0,1,0.7030484676361084,"['sustainablelifestyle', 'bicycle', 'healthylifestyle', 'cycling', 'bakersfieldcalifornia', 'zag1', 'RT', 'ZacAllyn']"
12,2019-06-16 01:32:10,Jump in the fire-\n.\n.\n.\n.\n.\n.\n#zag1 \n#cycling \n#bicycle \n#healthylifestyle \n#sustainablelifestyle https://t.co/ApB4kALCf3,0,1,0.5,"['bicycle', 'cycling', 'healthylifestyle', 'zag1', 'sustainablelifestyle']"
13,2019-06-15 19:32:04,"You can never have enough t-shirts, especially if it's vegan made from 100% organic cotton Only at https://t.co/8ZhHcv5cOI",0,0,0.5,"['vegan', 'organic cotton', 't-shirts']"
14,2019-06-15 14:01:21,Jacob and his nephew Nolan-\n.\n.\n.\n.\n.\n#babies #sustainablelifestyle #healthylifestyle #happy #happybaby @ Bakersfie https://t.co/OYqHvtrYg7,0,0,0.9631186127662659,"['babies', 'healthylifestyle', 'sustainablelifestyle', 'happybaby', 'nephew Nolan-', 'Bakersfie', 'Jacob']"
15,2019-06-15 06:10:10,Excited to be a part of #HotelClarksAmer #FarmersMarketJaipur this #Sunday and looking forward to seeing you all ou https://t.co/aSfp6SZhCD,0,0,0.9904277324676514,"['HotelClarksAmer', 'FarmersMarketJaipur', 'ou']"
16,2019-06-15 01:38:50,Enjoy your tea time #skipplasticstraws #savenature #ecofriendly #environmentfriendly #sustainablelifestyle https://t.co/rzBlnzQJHS,0,0,0.9970127940177917,"['savenature', 'skipplasticstraws', 'tea time', 'sustainablelifestyle']"
17,2019-06-14 21:28:38,Thank you to all employee participants for making this drive a success.\n\n#blooddrive #oneblood #BtheChange https://t.co/ZEvgY1R8Sm,1,0,0.9459919929504395,"['success', 'blooddrive', 'oneblood', 'BtheChange', 'employee participants']"
18,2019-06-14 20:20:03,POLO by RALPH LAUREN vintage silk pocket square....#pocketsquare #ralphlauren #polo #silk #gentleman #geometric https://t.co/EDWstT7uLr,0,0,0.5,"['POLO', 'RALPH LAUREN vintage silk pocket square', 'pocketsquare', 'ralphlauren', 'gentleman']"
19,2019-06-14 19:25:02,"Cheers to the weekend !  \nNo matter what your plans, let's leave only the lightest of footprints on beautiful Mothe https://t.co/OdFWNZIwxs",0,0,0.9171772003173828,"['lightest of footprints', 'plans', 'beautiful Mothe', 'nNo matter', 'Cheers', 'weekend']"
20,2019-06-14 17:58:01,My face when I rock vegan fashion in style Only at https://t.co/47YoUN1baF\n#veenofs #vegancommunity https://t.co/kikQXYpyxl,0,0,0.7791994214057922,"['style', 'vegan fashion', 'face', 'vegancommunity']"
21,2019-06-14 11:52:33,sustainablefashion #ethicalbrand #fashionrevolution #sustainablelifestyle #ecoapparel #eco #consciousconsumer https://t.co/ohsGDkLkS2,1,0,0.7526739239692688,"['sustainablelifestyle', 'fashionrevolution', 'ecoapparel', 'ethicalbrand', 'sustainablefashion', 'consciousconsumer']"
22,2019-06-13 21:00:12,This mantra is so true! Get motivated now. Go and do your workout and you'll never regret it later.\n\n#workout https://t.co/zQ5yJU2vxS,0,0,0.9865874648094177,"['workout', 'mantra']"
23,2019-06-13 18:40:40,"SIGN UP NOW | Link in profile. Events, contests, tips &amp; more. First newsletter just went out - don't miss out!\n https://t.co/EsCrLDDBGB",0,0,0.5,"['Events', 'contests', 'tips', 'amp', 'Link', 'profile', 'newsletter']"
24,2019-06-13 17:55:59,"SIGN UP NOW | Link in profile. Events, contests, tips &amp; more. First newsletter just went out - don't miss out!\n https://t.co/tfTGaPfGeM",0,0,0.5,"['Events', 'contests', 'tips', 'amp', 'Link', 'profile', 'newsletter']"
25,2019-06-13 16:10:31,RT @ADB_HQ: Drastic shift in city lifestyles urged to avert #climatecrisis https://t.co/qy4bMvUNZr via @TRF_Stories #SustainableLifestyle h,0,1,0.5,"['HQ', 'Drastic shift', 'city lifestyles', 'TRF', 'Stories', 'climatecrisis', 'ADB', 'SustainableLifestyle h', 'RT']"
26,2019-06-13 15:30:25,Drastic shift in city lifestyles urged to avert #climatecrisis https://t.co/qy4bMvUNZr via @TRF_Stories https://t.co/enstqv80F9,0,1,0.5,"['climatecrisis', 'city lifestyles', 'Drastic shift', 'TRF', 'Stories']"
27,2019-06-13 14:35:07,Far &amp; beyond we go while completing one year of bringing Sustainables to your home !\n\nWe are delighted that we will https://t.co/TY8ndn1Qwd,0,0,0.8950340747833252,"['year', 'Sustainables', 'home', 'amp']"
28,2019-06-13 13:01:25,Drastic shift in city lifestyles urged to avert #climatecrisis https://t.co/TgmI2Ylo4Y via @TRF_Stories https://t.co/VyIGixZRyH,0,0,0.5,"['climatecrisis', 'city lifestyles', 'Drastic shift', 'TRF', 'Stories']"
29,2019-06-13 11:14:02,An interesting read from @Sunday_Post showing the rise of slow fashion and sustainability as a whole. Excited to se https://t.co/bVl7GV93ur,3,0,0.9109905958175659,"['Post', 'rise of slow fashion', 'sustainability', 'interesting read']"
30,2019-06-13 09:00:04,\n#healthcoach #coach #lifestyle #fitness #sustainablelifestyle #grownwellness #levelup #lozantonenko #courage https://t.co/YVqvjKLZTW,0,0,0.5,"['grownwellness', 'fitness', 'sustainablelifestyle', 'levelup', 'healthcoach', 'lozantonenko', 'courage']"
31,2019-06-13 05:13:21,[036] HOW TO TALK TO OUR KIDS ABOUT CLIMATE CHANGE https://t.co/ePG07Bvh8M via @makeandmendyear https://t.co/2a8xAfS3zW,0,0,0.5,"['CLIMATE CHANGE', 'KIDS', 'makeandmendyear']"
32,2019-06-12 22:01:13,Made From 100% Recycled Plastic. Grab yours at Coles https://t.co/bEORkfXOg5\n\n#Jordanaustralia #Jordantoothbrush https://t.co/7Q3MHBBgp4,0,0,0.5,"['Recycled Plastic', 'Coles', 'Jordantoothbrush']"
33,2019-06-12 16:10:19,The Fine Art of Landscaping #ItalianPlanters #Qatar #Indoor_Outdoor_Plants #LandscapeMaintenance #PlantingSeeds https://t.co/anZjDmcJRm,0,0,0.5,"['ItalianPlanters', 'Qatar', 'Plants', 'LandscapeMaintenance', 'Fine Art of Landscaping', 'PlantingSeeds']"
34,2019-06-12 00:00:12,#KireiLifestyle is about leading a #sustainableLifestyle Just how #sustainable are you?  Take @BBCEarth quiz to f https://t.co/BnP9rLPoVy,3,0,0.8175376653671265,"['sustainableLifestyle', 'BBCEarth quiz', 'KireiLifestyle']"
35,2019-06-11 20:02:32,Love Gang vegan t-shirts  Only at https://t.co/47YoUN1baF\n#veenofs #vegancommunity #veganlove #ethicallysourced https://t.co/DuKEYP4765,1,0,0.783693790435791,"['vegancommunity', 'Love Gang vegan t-shirts', 'veganlove']"
36,2019-06-11 15:45:17,"Simple grooming essentials with @BYoga BTowel, Routine Cream Johnny Cash Natural Deodorant, @audreleighbeauty exfol https://t.co/R5Och2hDGD",0,0,0.5,"['BYoga BTowel', 'Routine Cream Johnny Cash Natural Deodorant', 'audreleighbeauty exfol', 'Simple grooming essentials']"
37,2019-06-11 15:21:46,The Very Best Indoor Plants You Can Buy. \nVisit Our Website -: https://t.co/Lkz3xLxKvC\n#ItalianPlanters #Qatar https://t.co/FRCZXUVvct,0,0,0.5,"['Website', 'Best Indoor Plants', 'nVisit', 'Qatar']"
38,2019-06-11 13:41:17,"Already in 2016, Germany has launched a bicycle highway connecting 10 cities and 4 universities. The goal is to tak https://t.co/3Xop8Xcadk",1,0,0.5,"['bicycle highway', 'cities', 'Germany', 'universities', 'goal', 'tak']"
39,2019-06-11 11:14:02,Chester is going to be having their first ever sustainable fair in Grosvenor Park! It is amazing to see education o https://t.co/ka4aklWaBt,1,0,0.8425865769386292,"['sustainable fair', 'Grosvenor Park', 'education o', 'Chester']"
40,2019-06-10 21:01:21,Are you skinny fat?  You could be skinny but have high fat levels and the same medical issues as an obese person. https://t.co/St6Ox3TIaz,0,0,0.7758905291557312,"['skinny fat', 'high fat levels', 'medical issues', 'obese person']"
41,2019-06-10 09:00:06,Create your own natural fragrance!  Smell great and feel great using only natural oils. Try this luscious lavende https://t.co/LredR8DBte,0,0,0.9767846465110779,"['natural oils', 'natural fragrance', 'luscious lavende']"
42,2019-06-09 22:00:42,Grab yours today at Coles https://t.co/0IwAgODir9\n\n#Jordanaustralia #Jordantoothbrush #JordanSoMe https://t.co/LymPvuEV2I,1,0,0.5,"['Coles', 'Jordantoothbrush', 'JordanSoMe']"
43,2019-06-09 19:08:12,Add these vegan heels  to your shoe collection. Made from microsuede and faux vegan leather  Only at https://t.co/FXYibUaxMt,0,0,0.8066112399101257,"['vegan heels', 'faux vegan leather', 'shoe collection', 'microsuede']"
44,2019-06-09 11:58:50,"RT @BJPSanjayJoshi:               ,    #WorldEnvironmentDay #environm",0,35,0.5,"['BJPSanjayJoshi', 'WorldEnvironmentDay', 'RT']"
45,2019-06-09 10:31:18,"https://t.co/Ya7i0H4LwN - On #menthealth, #sustainablelifestyle, and #socialmedia.\n\nThanks for the recommendation https://t.co/SveWYYAtMz",2,1,0.8777598142623901,"['sustainablelifestyle', 'socialmedia', 'menthealth', 'recommendation']"
46,2019-06-09 06:42:31,' Put Your Landscape Maintenance in the Hands of Someone Who Really Cares'.\n#ItalianPlanters #Qatar https://t.co/VFHfqmoNSi,0,0,0.5,"['Landscape Maintenance', 'Hands', 'ItalianPlanters', 'Qatar']"
47,2019-06-08 23:55:05,How perfect is this vintage inspired planter??  I was feeling inspired to make use of older items we have around t https://t.co/TnQcSMcXsE,1,0,0.9676579833030701,"['vintage inspired planter', 'use of older items']"
48,2019-06-08 13:36:01,"#sustainableliving is slow process, but with efforts in right direction will definitely give fruits. https://t.co/wEwb7l5mYc",0,0,0.7499366402626038,"['efforts', 'slow process', 'right direction', 'sustainableliving', 'fruits']"
49,2019-06-08 06:33:42,Office plants - Create a space that looks and feels amazing.\n#ItalianPlanters #Qatar #Indoor_Outdoor_Plants https://t.co/HaUDRCylMX,0,0,0.8566221594810486,"['Office plants', 'ItalianPlanters', 'Qatar', 'space']"
50,2019-06-08 02:00:03,Life's challenges are easier when you're fit enough to kick their a###!\n\n#healthcoach #coach #lifestyle #fitness https://t.co/UwRPy6otjA,2,0,0.9066261053085327,"['healthcoach', 'lifestyle', 'fitness', ""Life's challenges""]"
51,2019-06-17 02:15:28,  Perrier/ 750ml12 /glassbottle https://t.co/STQxKgVFIT,0,0,0.5,"['Perrier', '750ml12', 'glassbottle']"
52,2019-06-16 19:57:42,#bacon #love #true4u #bottle #drink #alcoholicbeverage #glassbottle #alcohol #liqueur #wine #glass #pub #slurp #bar https://t.co/RL1TtYufMC,0,0,0.5,"['wine', 'drink', 'alcoholicbeverage', 'liqueur', 'glassbottle', 'true4u', 'pub', 'love', 'slurp', 'bacon']"
53,2019-06-16 19:55:40,Armazm da cerveja #drink #bottle #glassbottle #alcoholicbeverage #beer #wheatbeer #distilledbeverage #barware https://t.co/yGosDBUH4C,1,0,0.5,"['glassbottle', 'alcoholicbeverage', 'drink', 'wheatbeer', 'cerveja', 'distilledbeverage', 'Armazm', 'barware']"
54,2019-06-16 18:50:40,Does anyone know if there is a #glassbottle #home #milkdelivery in #Inverurie? Please and thank you,0,0,0.8162654638290405,"['home', 'milkdelivery', 'glassbottle', 'Inverurie']"
55,2019-06-16 17:37:24,Well done Preluna Hotel #ecofriendly #savetheenvironmemt #savetheenvironment #waterbottle #glassbottle #ecopolicy https://t.co/JVUPN2TMh2,0,0,0.9692322611808777,"['savetheenvironmemt', 'savetheenvironment', 'waterbottle', 'glassbottle', 'Preluna Hotel', 'ecopolicy']"
56,2019-06-16 02:15:28,  Perrier/ 750ml12 /glassbottle https://t.co/STQxKgVFIT,0,0,0.5,"['Perrier', '750ml12', 'glassbottle']"
57,2019-06-15 20:19:33,5 Mini Glass Bottles Vials with Cork Stoppers | 11mm x 22mm https://t.co/65rtO0IJkg #Etsy #BeadsBitznBopz https://t.co/iX5guPDeZM,0,0,0.5,"['Cork Stoppers', 'Mini Glass Bottles Vials', 'Etsy', 'BeadsBitznBopz']"
58,2019-06-15 12:37:19,RT @LampworkBench: Love how this custom perfume bottle came out!\nAsk what we can make 4 you https://t.co/v0b96YKe40\n#handmade #handblown #g,0,109,0.5,"['Love', 'custom perfume bottle', 'LampworkBench', 'RT', 'nAsk']"
59,2019-06-15 11:14:06,,0,0,0.730981171131134,"['milkandmore', 'Sustainability', 'glassbottle', 'delivery']"
60,2019-06-15 11:14:01, ,0,0,0.2173532247543335,"['spraytop', 'glassbottle', 'essentialoils', 'Weve']"
61,2019-06-15 08:39:26,First delivery.  Do they deliver to you? @milkandmore #milkandmore #sustainable #Sustainability #glassbottle https://t.co/vBgcdceHV7,2,0,0.8379409313201904,"['diyhomedecor', 'glassbottle', 'GoGreen', 'bottleart', 'GlassPainting', 'planter']"
62,2019-06-15 06:53:27,Need a spray top? Weve got you covered! \nhttps://t.co/QQtJ6a88KR \n#spraytop #glassbottle #essentialoils #vape https://t.co/OTFwIT0b7o,1,0,0.5,"['Perrier', '750ml12', 'glassbottle']"
63,2019-06-15 03:16:51,Used #GlassPainting to #upcycle and make a #planter. #GoGreen #diy #diyhomedecor #glassbottle #bottleart https://t.co/kVeK8ylA96,0,0,0.9621061086654663,"['everyday personal use', 'special holiday treat', 'youre', 'brewing', 'gift', 'pl']"
64,2019-06-15 02:15:28,  Perrier/ 750ml12 /glassbottle https://t.co/STQxKgVFIT,0,0,0.5,"['gt', 'Portable Insulated Glass Water Bottle Dual-layer Juice Tea Bottle', 'Filter', 'nClick']"
65,2019-06-14 23:54:56,"Whether youre #brewing for everyday personal use, as a special holiday treat or a gift,its not enough that you pl https://t.co/u1JQJn72Uw",1,1,0.5,"['GlassBottle', 'embracing', 'Lifefactory', 'weekend']"
66,2019-06-14 20:58:01,Portable Insulated Glass Water Bottle Dual-layer Juice Tea Bottle with Filter\nClick here&gt;&gt;https://t.co/JMKlaUttRs https://t.co/iu55IbsMwB,3,0,0.8493587970733643,"['Ignition', 'Bath', 'quick look', 'work', 'Glass', 'reflections', 'progress', 'RT', 'DRendering']"
67,2019-06-14 18:55:07,Ready for the weekend! #Lifefactory #GlassBottle : @embracing_victorious_living https://t.co/s79kd0697u,0,0,0.8340954184532166,"['work', 'progress', 'Glass', 'reflections', 'tr', 'quick look', 'DRendering']"
68,2019-06-14 11:34:56,RT @Ignition_Bath: A quick look at some work-in-progress #3DRendering we've been working on recently. Glass and #reflections can be tricky,0,1,0.8924812078475952,"['Glass Globe decanter', 'glasses', 'nSmall order quantity', 'glassware']"
69,2019-06-14 11:30:17,A quick look at some work-in-progress #3DRendering we've been working on recently. Glass and #reflections can be tr https://t.co/0NDvOHASj6,1,1,0.5,"['Perrier', '750ml12', 'glassbottle']"
70,2019-06-14 04:04:33,  ,0,0,0.6988279819488525,"['RT', 'hakjum', 'CBA']"
71,2019-06-14 03:54:38,850 ml Glass Globe decanter with 2 glasses in stocked.\nSmall order quantity is supported... \n#decanter #glassware https://t.co/YvfigRyFXk,1,0,0.5,"['glass', 'stockists', 'places', 'milk']"
72,2019-06-14 02:15:28,  Perrier/ 750ml12 /glassbottle https://t.co/STQxKgVFIT,0,0,0.5,"['Perrier', '750ml12', 'glassbottle']"
73,2019-06-13 11:06:33,RT @hakjum_CBA:        \nhttps://t.co/97dg13irbe https://t.co/zqj1mcvbPh,0,7438,0.8595434427261353,"['Unusual Vintage Glass', 'amp', 'Silver Scent  Bottle', 'etsy shop', 'latest addition', 'collectables', 'InfoAffair', 'RT']"
74,2019-06-13 10:01:40,If you aren't local to any of our stockists there are lots of other places to pick up your glass bottled milk and h https://t.co/R3jRi3XFi7,0,0,0.9648117423057556,"['glassbottle', 'bottleart', 'glassart', 'diy', 'GlassPainting', 'Debut', 'Day']"
75,2019-06-13 02:15:29,  Perrier/ 750ml12 /glassbottle https://t.co/STQxKgVFIT,0,0,0.5,"['red cap', 'Vintage Avon perfume glass bottle', 'VogelHausVintage', 'Etsy', 'GlassBottle']"
76,2019-06-12 22:50:47,RT @InfoAffair: Excited to share the latest addition to my #etsy shop: Unusual Vintage Glass &amp; Silver Scent  Bottle #vintage #collectables,0,1,0.9449307918548584,"['Portuguese chocolate milk', 'offer', 'Handforth', 'recyclable glass bot', 'fave']"
77,2019-06-12 16:31:30,#GlassPainting #Debut. Day well spent! Learning something new is fulfilling. #glassbottle #bottleart #glassart #diy https://t.co/A0wWrVFFA2,0,0,0.5,"['rt SD', 'th', 'rep6GDHlfq']"
78,2019-06-12 09:53:33,Vintage Avon perfume glass bottle with red cap https://t.co/iH8JCi6WO1 #VogelHausVintage #Etsy #GlassBottle https://t.co/nPRug3yeqw,0,0,0.5,"['Perrier', '750ml12', 'glassbottle']"
79,2019-06-12 09:04:34,We've got our fave ever drink on offer in Handforth...Portuguese chocolate milk!\n\nIn a lovely #recyclable glass bot https://t.co/L3Kia06MFC,0,0,0.8044083118438721,"['fairtrade', 'glassbottle', 'icedtea', 'madeingermany', 'vegan', 'CheaperBuyMiles', 'retai']"
80,2019-06-12 04:59:13,"RT @33_th_three: [RT]\n  !  , 50rt SD   \n\nhttps://t.co/rep6GDHlfq https://t.co/RzGMaeBu9a",0,69,0.9050813317298889,"['Unusual Vintage Glass', 'amp', 'etsy shop', 'Silver Scent  Bottle', 'latest addition']"
81,2019-06-12 02:15:29,  Perrier/ 750ml12 /glassbottle https://t.co/STQxKgVFIT,0,0,0.5,"['alcoholicbeverage', 'glassbottle', 'sportbar', 'product', 'beiuns im adi', 'scotchwhisky']"
82,2019-06-12 00:28:37,"RT @CheaperBuyMiles: #icedtea for $1 are #organic #vegan #fairtrade #glassbottle and the best part, #cheap #madeingermany and usually retai",0,7,0.5,"['Packaging US', 'DigitalPrinting', 'GlassBottle industry', 'RT', 'packagingworld', 'Kr']"
83,2019-06-11 21:55:21,Excited to share the latest addition to my #etsy shop: Unusual Vintage Glass &amp; Silver Scent  Bottle #vintage https://t.co/9eqEGvRGgL,0,1,0.5,"['GlassBottle industry', 'Packaging US', 'DigitalPrinting']"
84,2019-06-11 20:15:35,#beiuns im adi #sportbar #alcoholicbeverage  #alcohol #product #bottle #glassbottle #whisky #scotchwhisky @ adrenal https://t.co/Z7rL1yuL7G,0,0,0.5,"['Perrier', '750ml12', 'glassbottle']"
85,2019-06-11 13:17:00,RT @packagingworld: #DigitalPrinting being brought to the #GlassBottle industry as described at Digital #Print for #Packaging US 2019 / @Kr,0,1,0.9729743003845215,"['Best MCT Oil Keto', 'Keto C8 MCT Oil - Pure MCT Oil C8 Brain Fuel', 'Glass Bottle', 'Pump', 'Ketone Di']"
86,2019-06-11 13:15:20,#DigitalPrinting being brought to the #GlassBottle industry as described at Digital #Print for #Packaging US 2019 / https://t.co/0nfTraUSwR,0,1,0.5,"['WEEKS', 'Cleanysts Kickstarter campaign']"
87,2019-06-11 02:15:28,  Perrier/ 750ml12 /glassbottle https://t.co/STQxKgVFIT,0,0,0.9629232883453369,"[""glassbottle of Flure Drinks BV's"", 'nonalcoholic spirit', 'character']"
88,2019-06-10 19:19:47,"Kiss My Keto C8 MCT Oil - Pure MCT Oil C8 Brain Fuel, 32 oz Glass Bottle with Pump, Best MCT Oil Keto for Ketone Di https://t.co/zIEOl1uasb",0,0,0.5,"['Boylan Fisheye', 'curiosity', 'television', 'glassbottle', 'light', 'boylansoda', 'boredom', 'palmbay', 'florida']"
89,2019-06-10 19:00:10,There are less than 2 WEEKS LEFT to support Cleanysts Kickstarter campaign! We have raised more than double our go https://t.co/Kcc2rQe0q0,1,0,0.5,"['GlassBottle', 'Budweiser Huge', 'Olympics', 'Barware', 'Decanter', 'Winter', 'collectibles', 'SaltlakeCity']"
90,2019-06-10 10:43:00,Sexy and desirable #glassbottle of Flure Drinks BV's #nonalcoholic spirit underlines the its character https://t.co/jGSqqJzowU,0,0,0.5,"['Perrier', '750ml12', 'glassbottle']"
91,2019-06-10 02:29:19,Boylan Fisheye #fisheye #light #boylansoda #glassbottle #television #curiosity #boredom #palmbay #florida # https://t.co/bkkDrb9l0N,0,0,0.9694297313690186,"['selfcare', 'glassbottle', 'kristina', 'montes', 'selfimprovement', 'reus', 'RT', 'mission', 'Oils']"
92,2019-06-10 02:18:56,Check out 2002 #SaltlakeCity #Winter #Olympics #Budweiser Huge #GlassBottle #Barware #Decanter #collectibles https://t.co/E14v0ZgY8f,0,0,0.8718128204345703,"['bumblezest bottles', 'propagation vessels', 'perfect cutting', 'roots', 'lauranevs', 'plants', 'plantba', 'RT']"
93,2019-06-10 02:15:28,  Perrier/ 750ml12 /glassbottle https://t.co/STQxKgVFIT,0,0,0.8883363008499146,"['little bumblezest bottles', 'RT BumbleZest', 'perfect cutting', 'lauranevs', 'propagation vessels']"
94,2019-06-09 21:18:02,RT @kristina_montes: On a mission! Oils in my  totally helps!  #selfimprovement #selfcare #drinkmore #healthier #happy #glassbottle #reus,0,11,0.8883363008499146,"['little bumblezest bottles', 'RT BumbleZest', 'perfect cutting', 'lauranevs', 'propagation vessels']"
95,2019-06-09 08:10:57,RT @BumbleZest: From @lauranevs - These little @bumblezest bottles make perfect cutting and propagation vessels #roots #plants #plantba,0,3,0.8718128204345703,"['bumblezest bottles', 'propagation vessels', 'perfect cutting', 'roots', 'lauranevs', 'plants', 'plantba', 'RT']"
96,2019-06-09 07:12:16,RT BumbleZest: From lauranevs - These little bumblezest bottles make perfect cutting and propagation vessels  https://t.co/p5WxzBBPe0,0,0,0.8747884035110474,"['perfect cutting', 'propagation vessels', 'bumblezest bottles', 'roots', 'lauranevs', 'plants']"
97,2019-06-09 07:07:23,RT BumbleZest: From lauranevs - These little bumblezest bottles make perfect cutting and propagation vessels  https://t.co/2IqOzIwOpb,0,0,0.5,"['Perrier', '750ml12', 'glassbottle']"
98,2019-06-09 06:56:54,RT @BumbleZest: From @lauranevs - These little @bumblezest bottles make perfect cutting and propagation vessels #roots #plants #plantba,0,3,0.8883577585220337,"['hot tea', 'green tea leaves', 'Chai', 'dont', 'oolong', 'Lifes simple pleasures']"
99,2019-06-09 06:24:48,From @lauranevs - These little @bumblezest bottles make perfect cutting and propagation vessels #roots #plants https://t.co/WZLxc2hHXo,7,3,0.5,"['milk', 'glass bottles', 'week', 'comeback', 'doorstep']"
100,2019-06-09 02:15:28,  Perrier/ 750ml12 /glassbottle https://t.co/STQxKgVFIT,0,0,0.5,"['Perrier', '750ml12', 'glassbottle']"
101,2019-06-08 12:12:20,"Lifes simple pleasures! When I can carry my hot tea with me. By tea I dont mean Chai but green tea leaves, oolong https://t.co/2RAQeIZpOa",0,0,0.7886872291564941,"['old wooden highchair', 'washing']"
102,2019-06-08 10:25:50,"Delivered my first doorstep order this week, milk in glass bottles is definitely making a comeback!  #milk https://t.co/hXeLh7Vffp",4,0,0.5,"['Wilcox', 'Danish artist Thomas Dambo', 'Monica', 'backwoods', 'years', 'Copenhagen', 'giants', 'discard']"
103,2019-06-08 02:15:28,  Perrier/ 750ml12 /glassbottle https://t.co/STQxKgVFIT,0,0,0.9817473888397217,"['ooak beauties', 'amp', 'lace dresses', 'Precocious Boutique', 'nCome', 'look']"
104,2019-06-17 17:01:10,I bought an old wooden highchair  for 10 and painted it whilst I definitely should have been doing the washing and https://t.co/KacHbk0ugZ,2,0,0.5,"['Os presento', 'nuevo single', 'RT', 'TopeMusica', 'Capris', 'perdis']"
105,2019-06-17 16:59:02,RT @Monica_Wilcox: Danish artist Thomas Dambo spent the last 3 years building giants in the backwoods outside Copenhagen using only discard,0,1434,0.5,"['computador', 'plantas habitandolo', 'planta todo', 'Recicla y', 'comunidad', 'wIW6z7YvLR']"
106,2019-06-17 16:55:18,Pretty summery floral &amp; lace dresses!\nCome in for a look through these cool #ooak beauties by Precocious Boutique https://t.co/QiKMJ9IR2J,0,0,0.5,"['hutattheendofthegarden', 'beach', 'upcycledtextiles', 'ocean', 'denimwaves', 'RT', 'Sprigasaurus']"
107,2019-06-17 16:54:16,"RT @TopeMusica: Os presento #Upcycle, el nuevo single ""The Capris""!!! No os lo perdis!!! https://t.co/DufcJJ8G5d https://t.co/LxcHcuVxdM",0,1,0.5,"['obsoletenomore', 'DiPasquale', 'Fun', 'cursivemakesacomeback', 'CA', 'smashthepatriarchy', 'laser printing', 'RT', 'mfavnthesis', 'fuckthe']"
108,2019-06-17 16:47:55,Recicla y re planta todo!.\n\nMonitor de computador con comunidad de plantas habitandolo.\n\nhttps://t.co/wIW6z7YvLR . https://t.co/0TxBIpOdhq,0,0,0.5,"['Wilcox', 'Danish artist Thomas Dambo', 'Monica', 'backwoods', 'years', 'Copenhagen', 'giants', 'discard']"
109,2019-06-17 16:43:27,RT @Sprigasaurus: Wave after wave.  \n\n#denimwaves #upcycledtextiles #hutattheendofthegarden #beach #ocean #waves https://t.co/HJ4kjdwbMz,0,0,0.5,"['jeans', 'household linens', 'AnSplash', 'embroid', 'patchwork quilt', 'RT', 'project']"
110,2019-06-17 16:37:02,RT @CA_DiPasquale: Fun with laser printing. #mfavnthesis #mfavn #thesis #obsoletenomore #cursivemakesacomeback #smashthepatriarchy #fuckthe,0,1,0.894908607006073,"['obsoletenomore', 'cursivemakesacomeback', 'mfavnthesis', 'smashthepatriarchy', 'Fun', 'laser printing']"
111,2019-06-17 16:28:19,RT @Monica_Wilcox: Danish artist Thomas Dambo spent the last 3 years building giants in the backwoods outside Copenhagen using only discard,0,1434,0.8368999361991882,"['recycled chaps', 'EtsyMktgTool', 'bagsandpurses', 'Shabby chic tote']"
112,2019-06-17 16:25:21,"RT @AnSplash: Staring a new upcycle project. It will eventually be a patchwork quilt made from upcycled jeans, household linens and embroid",0,4,0.5,"['Wilcox', 'Danish artist Thomas Dambo', 'Monica', 'backwoods', 'years', 'Copenhagen', 'giants', 'discard']"
113,2019-06-17 16:22:55,Fun with laser printing. #mfavnthesis #mfavn #thesis #obsoletenomore #cursivemakesacomeback #smashthepatriarchy https://t.co/DvVaB3oQhh,2,1,0.5,"['jeans', 'household linens', 'AnSplash', 'embroid', 'patchwork quilt', 'RT', 'project']"
114,2019-06-17 16:15:26,"Shabby chic tote, made from, recycled chaps,or #bagsandpurses @EtsyMktgTool https://t.co/5W1FsHrmBT #chaps #western https://t.co/yay3gAJd24",0,0,0.5,"['beach', 'ocean', 'hutattheendofthegarden', 'upcycledtextiles', 'upcycling', 'denimwaves']"
115,2019-06-17 16:14:52,RT @Monica_Wilcox: Danish artist Thomas Dambo spent the last 3 years building giants in the backwoods outside Copenhagen using only discard,0,1434,0.8869965672492981,"['knifemaker', 'knives', 'knifemaking', 'inuit', 'ulu', 'art', 'inuk', 'urbaninu', 'antler handles']"
116,2019-06-17 16:07:27,"RT @AnSplash: Staring a new upcycle project. It will eventually be a patchwork quilt made from upcycled jeans, household linens and embroid",0,4,0.5,"['AvGeek', 'aviation', 'sculpture', 'interiordesign', 'month', 'reuse', 'UpcycledHour', 'seats new set', 'DappR747', 'RT']"
117,2019-06-17 16:07:18,Wave after wave.  \n\n#denimwaves #upcycledtextiles #hutattheendofthegarden #beach #ocean #waves #denim #upcycling https://t.co/MMeNHTPDju,0,0,0.24420741200447083,"['litter', 'Florida seabed', 'marinelife', 'divers smash world record', 'enviroment', 'reducewaste']"
118,2019-06-17 16:01:36,RT @art_inuk: Sent these off today. Loving the antler handles. #ulu #inuit #knives #knifemaker #upcycle #ecofriendly #knifemaking #urbaninu,0,11,0.782099187374115,"['UpcycledHour', 'aircraft', 'planespotting', 'aviationlovers', 'upcycling', 'reuse', 'DappR747', 'RT']"
119,2019-06-17 15:59:45,RT @DappR747: Now sold out of seats new set of 100 coming In next month#UpcycledHour #interiordesign #aviation #AvGeek #sculpture #reuse #r,0,3,0.5,"['AvGeek', 'aviation', 'sculpture', 'interiordesign', 'month', 'reuse', 'UpcycledHour', 'seats new set', 'DappR747', 'RT']"
120,2019-06-17 15:46:44,633 divers smash world record by collecting litter from Florida seabed #marinelife #enviroment #reducewaste https://t.co/GWV6x4Io4H,0,0,0.5,"['je boodschappen', 'van zaadje naar tomaatje', 'n15', 'nWorkshop', 'juni', 'uur', 'RotterdamseMunt', 'Vrijdag', 'nGoo']"
121,2019-06-17 15:40:07,RT @DappR747: Look out for more cool #upcycling  #upcycle #UpcycledHour #Aviation #aircraft #planespotting #aviationlovers #reuse #recycle,0,2,0.5,"['Range', 'Garage Sale', 'kids']"
122,2019-06-17 15:40:03,RT @DappR747: Now sold out of seats new set of 100 coming In next month#UpcycledHour #interiordesign #aviation #AvGeek #sculpture #reuse #r,0,3,0.5,"['jeans', 'household linens', 'AnSplash', 'embroid', 'patchwork quilt', 'RT', 'project']"
123,2019-06-17 15:20:39,"Vrijdag 21 juni\nWorkshop #Upcycle je boodschappen: van zaadje naar tomaatje\n15.00 uur @RotterdamseMunt (9,50).\nGoo https://t.co/JruXpYikuO",0,0,0.5,"['jeans', 'household linens', 'AnSplash', 'embroid', 'patchwork quilt', 'RT', 'project']"
124,2019-06-17 15:03:57,Homeschool On the Range: Upcycled Garage Sale Finds https://t.co/rTwEYY8BNS #upcycle #recycle #kids,0,0,0.7036741375923157,"['pallets planks', 'scaffold material', 'amp', 'outside spaces', 'RT', 'UTCPlymouth', 'creativity']"
125,2019-06-17 14:37:03,"RT @AnSplash: Staring a new upcycle project. It will eventually be a patchwork quilt made from upcycled jeans, household linens and embroid",0,4,0.7036741375923157,"['pallets planks', 'scaffold material', 'amp', 'outside spaces', 'RT', 'UTCPlymouth', 'creativity']"
126,2019-06-17 14:34:05,"RT @AnSplash: Staring a new upcycle project. It will eventually be a patchwork quilt made from upcycled jeans, household linens and embroid",0,4,0.8490173816680908,"['nAvailable', 'original church pew', 'handpaintedfurniture', 'bottoms']"
127,2019-06-17 14:32:11,RT @UTCPlymouth: We pride ourselves on #creativity &amp; are making over our outside spaces-can you #donate pallets planks or scaffold material,0,9,0.5,"['Kenyan Toilet Waste Key', 'New Animal Feed', 'Poo', 'Food', 'CircularEconomy', 'susteinance', 'RT', 'Future']"
128,2019-06-17 14:30:16,RT @UTCPlymouth: We pride ourselves on #creativity &amp; are making over our outside spaces-can you #donate pallets planks or scaffold material,0,9,0.8687644004821777,"['rolling', 'discarded dresser', 'bed storage', ""kids' rooms"", 'old drawers']"
129,2019-06-17 14:24:51,I wonder how many bottoms have sat on this original church pew\nAvailable to buy\n#handpaintedfurniture https://t.co/USZd1WQw9B,0,0,0.5,"['Kenyan Toilet Waste Key', 'New Animal Feed', 'Food', 'CircularEconomy', 'Poo']"
130,2019-06-17 14:13:16,RT @susteinance: From Poo to Food: Kenyan Toilet Waste Key for New Animal Feed https://t.co/kNFeP3RJHv #CircularEconomy #futurefeed #Future,0,1,0.856785774230957,"['Craft', 'DIY', 'Vintage', 'SeaShells', 'Ballerina', 'Hobby']"
131,2019-06-17 14:09:02,Use old drawers from a discarded dresser to create rolling under bed storage for kids' rooms! #upcycle https://t.co/tAJD6QhNk4,0,0,0.9027615785598755,"['charity shop', 'old frame', 'couple of quid', 'painting', 'picture', 'daughter']"
132,2019-06-17 14:04:15,From Poo to Food: Kenyan Toilet Waste Key for New Animal Feed https://t.co/kNFeP3RJHv #CircularEconomy #futurefeed https://t.co/Kzq0aW99iT,0,1,0.5,"['MADEINNYC', 'KISS', 'BWOODKNOWS', 'SEAWORLD', 'vintagemashups', 'nthere', 'RT', 'brian', 'redesign']"
133,2019-06-17 14:00:41,Ballerina.........\n#Handmade #Craft #Vintage #DIY #EcoFriendly #Create #SeaShells  ##UPcycle #Recycle #Hobby #Craft https://t.co/0OfYMatlsx,0,0,0.9814085960388184,"['customer', 'smile', 'environment', 'BOLfoods', 'vegpots', 'WSWestbourne', 'saladjars', 'RT']"
134,2019-06-17 13:36:38,I LOVED painting this picture for my daughter. I bought an old frame out of the charity shop for a couple of quid a https://t.co/xlzkewofvE,4,0,0.5,"['Collection', 'CV3', 'Pallet Black Tiles 300x300', 'SALE', 'Coventry airport']"
135,2019-06-17 13:30:09,RT @brian_wood_: before there was #repurpose #redesign #upcycle \nthere was  #vintagemashups \n#BWOODKNOWS #MADEINNYC\n#KISS #SEAWORLD #SH,0,1,0.7036741375923157,"['pallets planks', 'scaffold material', 'amp', 'outside spaces', 'RT', 'UTCPlymouth', 'creativity']"
136,2019-06-17 13:18:47,RT @WSWestbourne: Our customer @BOLfoods being creative and good to the environment with a smile #vegpots #saladjars #upcycle https://t.,0,1,0.5,"['portrait', 'face', 'paintings', 'recycledart', 'artwork', 'artist', 'ZachBartz', 'Thanks Kelly Kirk', 'school', 'Shanghai']"
137,2019-06-17 13:04:33,"FOR SALE | 1 Pallet Black Tiles 300x300 | Collection only CV3, near Coventry airport | 6.00 | https://t.co/Q9kkUrFFjN",0,0,0.5,"['Wilcox', 'Danish artist Thomas Dambo', 'Monica', 'backwoods', 'years', 'Copenhagen', 'giants', 'discard']"
138,2019-06-17 12:51:31,RT @UTCPlymouth: We pride ourselves on #creativity &amp; are making over our outside spaces-can you #donate pallets planks or scaffold material,0,9,0.8869965672492981,"['knifemaker', 'knives', 'knifemaking', 'inuit', 'ulu', 'art', 'inuk', 'urbaninu', 'antler handles']"
139,2019-06-17 12:49:47,RT @ZachBartz: One of my paintings at a school in Shanghai! Thanks Kelly Kirk!! #art #recycledart #upcycle #portrait #face #artwork #artist,0,1,0.17608875036239624,"['arbeit', 'Zahlreiche Unternehmen im Netzwerk', 'machen es vor', 'Wie man', 'Welt repariert']"
140,2019-06-17 12:34:06,RT @Monica_Wilcox: Danish artist Thomas Dambo spent the last 3 years building giants in the backwoods outside Copenhagen using only discard,0,1434,0.5,"['bornagainvintag', 'clothingreconstruction', 'denim', 'Winter', 'losangeles', 'Fall', 'slowfashion']"
141,2019-06-17 12:30:54,RT @art_inuk: Sent these off today. Loving the antler handles. #ulu #inuit #knives #knifemaker #upcycle #ecofriendly #knifemaking #urbaninu,0,11,0.9602769613265991,"['artisanfurniture', 'Shropshire', 'Shrewsbury', 'guys']"
142,2019-06-17 12:30:09, Wie man die Welt repariert? - Zahlreiche Unternehmen im Netzwerk von arbeit plus machen es vor! https://t.co/LWypUHKiMh,2,0,0.9468168020248413,"['antique', 'amp', 'dragon', 'purple', 'kimonojacket', 'haori', 'plum', 'New Arrival  Wonderful Life', 'blossoms', 'design']"
143,2019-06-17 12:22:00,More Fall/Winter 2020 by @bornagainvintag #denim #clothingreconstruction #recycle #losangeles #slowfashion #upcycle https://t.co/HqTrreXoYQ,2,0,0.9995932579040527,"['lt', 'vendor', 'crafter', 'diy', 'learning', 'wholesaler', 'painter', 'Belladonnahome']"
144,2019-06-17 12:07:37,Check these guys out! #ethical #upcycle #artisan #artisanfurniture #Shropshire #Shrewsbury #handmade https://t.co/XVLO6BYGLS,2,0,0.5,"['Wilcox', 'Danish artist Thomas Dambo', 'Monica', 'backwoods', 'years', 'Copenhagen', 'giants', 'discard']"
145,2019-06-17 11:51:25, New Arrival  Wonderful Life #womens #antique #purple #haori #kimonojacket #dragon &amp; #plum #blossoms #design https://t.co/GzYoMcHD8g,1,0,0.17488718032836914,"['mollymutt', 'puppy', 'lea seydoux', 'dogquotes', 'rules']"
146,2019-06-17 11:31:28,&lt;3 #crafter #diy #wholesaler #vendor #decorate #read #learning #paint #painter #upcycle . @Belladonnahome https://t.co/Ohi4NN7s0w... &lt;3,2,0,0.8935916423797607,"['mass', 'amp', 'lovesewing', 'learntosew', 'maker']"
147,2019-06-17 11:16:25,RT @Monica_Wilcox: Danish artist Thomas Dambo spent the last 3 years building giants in the backwoods outside Copenhagen using only discard,0,1434,0.9739119410514832,"['smile', 'environment', 'vegpots', 'customer', 'BOLfoods', 'saladjars']"
148,2019-06-17 11:12:25,"you have to save yourself from the rules."" - lea seydoux\n\n#mollymutt #puppy #dogbed #dogquotes https://t.co/tsVhydxgnS",1,0,0.24730637669563293,"['Os presento', 'nuevo single', 'Capris', 'perdis']"
149,2019-06-17 10:48:07,"This is so true, stop buying mass produced &amp; buy from a maker! #lovesewing #upcycle #refashion #learntosew https://t.co/VYS8GXvx8P",0,0,0.5,"['Yeni YouTube videomuz Fdan bisiklet iin soutuculu bagaj yapm yaynda', 'copculertv', 'yi Seyirler', 'kendinehasonline']"
150,2019-06-17 10:29:51,Our customer @BOLfoods being creative and good to the environment with a smile #vegpots #saladjars #upcycle https://t.co/VmylnWDMQS,4,1,0.9562910199165344,"['lifequotes', 'goodvibes', 'jeans', 'denim', 'Way of life', 'love', 'style', 'wayoflife']"
151,2019-06-17 10:22:37,"Os presento #Upcycle, el nuevo single ""The Capris""!!! No os lo perdis!!! https://t.co/DufcJJ8G5d https://t.co/LxcHcuVxdM",0,1,0.9142855405807495,"['limed lid', 'pretty painted monks bench', 'recent commission', 'funkifythis', 'happy customer', 'table', 'RT']"
152,2019-06-17 10:18:36,RT @copculertv: Yeni YouTube videomuz Fdan bisiklet iin soutuculu bagaj yapm yaynda! yi Seyirler @kendinehasonline #kendinehas #,0,4,0.2669490575790405,"['japanesetextiles', 'Sashiko', 'japanesefab']"
153,2019-06-17 10:17:36,Way of life #lifequotes #true #denim #jeans #recycle #upcycle #goodvibes #love #style #wayoflife https://t.co/YlyqYF3R8s,1,0,0.9432092905044556,"['limed lid', 'pretty painted monks bench', 'recent commission', 'happy customer', 'tab']"
154,2019-06-17 10:16:16,"RT @funkifythis: This was a recent commission for a happy customer. A pretty painted monks bench with a limed lid, a little side table and",0,1,0.8935916423797607,"['mass', 'amp', 'lovesewing', 'learntosew', 'maker']"
155,2019-06-17 10:05:48,\n\n\n\n\n\n\n\n\n\n#\n#Sashiko\n#japanesetextiles\n#japanesefabric\n#upcycle\n#\n#\n# https://t.co/CjXlFrdFrA,2,0,0.5,"['reuse showhome', 'zerowaste', 'robot', 'assemblage', 'leithcollective', 'RT', 'JanerDesigns']"
156,2019-06-17 10:00:18,"This was a recent commission for a happy customer. A pretty painted monks bench with a limed lid, a little side tab https://t.co/ppB22JMIf8",2,1,0.8906028270721436,"['pro GrandadMadeIt', 'bottle of wine', 'exception']"
157,2019-06-17 09:59:42,"This is so true, stop buying mass produced &amp; buy from a maker! #lovesewing #upcycle #refashion #learntosew https://t.co/NBkoKA4IGh",0,0,0.7089654207229614,"['amp', 'ukcraftershour', 'RT', 'CraftyCharli', 'project']"
158,2019-06-17 09:39:47,RT @JanerDesigns: Heading to @the_leith_collective for the reuse showhome. #assemblage #robot #reuse #zerowaste #leith #leithcollective #la,0,4,0.5,"['Dock Inn', 'Germany', 'used shipping containers', 'hostel', 'hotel', 'rooms', 'accomodati']"
159,2019-06-17 09:30:10,Many of us feel #inspired after a bottle of wine and #upcycle pro GrandadMadeIt is no exception!\n\nCheck out these a https://t.co/fi3Br8dYms,0,0,0.9989091157913208,"['Happy Youth day', 'Wow', 'oldtyres']"
160,2019-06-17 09:00:45,RT @CraftyCharli: Before &amp; after... #upcycle project. \n#ukcraftershour #ukcraft #upcycled https://t.co/UN60VOI5HR,0,2,0.8621835708618164,"['Violet urban boho paper earrings', 'ElisaDurigon', 'copper shades', 'RT']"
161,2019-06-17 09:00:18,"This hotel/hostel in Germany known as the Dock Inn is made using used shipping containers. 64 rooms, accomodati https://t.co/koODLUcj9b",0,0,0.9431966543197632,['unique creations']
162,2019-06-17 08:05:07,Wow! I love this! Happy Youth day! #upcycle #oldtyres https://t.co/NY6gVdzaBD,0,0,0.5,"['ukmfg', 'ukbizhour', 'EastMidsHeadsUp', 'UKBizLunch', 'bizitalk', 'Sandblast', 'ShotBlasting', 'RT', 'RandRBlasting']"
163,2019-06-17 07:49:12,"RT @ElisaDurigon: Violet urban boho paper earrings with copper shades. If you love these, look here https://t.co/8yvjUepS20    #ecofriendly",0,4,0.5,"['RECYCLING MOVEMENT AFRIQUE', 'Africa flag art', 'LeTribuAfrique', 'ClimateAction', 'ClimateChange', 'UNEnvironment']"
164,2019-06-17 07:00:28,https://t.co/2jxIYdmXJ2 is officially open! Why not stop by and see what marvelous and unique creations await you! https://t.co/SvcEYkX6nJ,1,1,0.5,"['Africa flag art', 'RECYCLING MOVEMENT AFRIQUE', 'ClimateAction', 'ClimateChange']"
165,2019-06-17 06:44:40,RT @RandRBlasting: Before and after . #ShotBlasting #bizitalk #EastMidsHeadsUp #ShotBlast #ukbizhour #ukmfg #UKBizLunch #Sandblast  #ukmfg,0,3,0.7418222427368164,"['amp', 'hooks', 'trade acco', 'retail', 'cupboard knobs']"
166,2019-06-17 06:23:57,RT @LeTribuAfrique: RECYCLING MOVEMENT AFRIQUE\n\nAll Africa flag art \n#recycle #upcycle  #ClimateAction  #ClimateChange  @UNEnvironment,0,1,0.8869965672492981,"['knifemaker', 'knives', 'knifemaking', 'inuit', 'ulu', 'art', 'inuk', 'urbaninu', 'antler handles']"
167,2019-06-17 05:54:45,RECYCLING MOVEMENT AFRIQUE\n\nAll Africa flag art \n#recycle #upcycle  #ClimateAction  #ClimateChange https://t.co/sQoXXjfoVn,0,1,0.8478951454162598,"['tips', 'Moonstone sink', 'malachite countertops', 'Vintage', 'Lytgrn', 'GreenLiving', 'Craft', 'Rooms', 'ReUse']"
168,2019-06-17 05:54:39,We design cupboard knobs &amp; hooks for retail &amp; trade. Shop online https://t.co/60dI2S0srm or apply for a #trade acco https://t.co/pltcG0V3uO,2,0,0.9126774668693542,"['Spurs ticket', 'inventive child', 'San Antonio Spurs', 'SASOLIDWASTE', 'RT']"
169,2019-06-17 05:44:12,RT @art_inuk: Sent these off today. Loving the antler handles. #ulu #inuit #knives #knifemaker #upcycle #ecofriendly #knifemaking #urbaninu,0,11,0.8069533705711365,"['bags', 'RT', 'ctlnplmr', 'plastic', 'things']"
170,2019-06-17 05:09:58,RT @Lytgrn_tips: Moonstone sink with malachite countertops........Rooms we love!\n#GreenLiving #Craft #Vintage #Recycle #Repurpose #ReUse #U,0,1,0.8892470002174377,"['way', 'single use plastic bags', 'Canada', 'win', 'UNILAD']"
171,2019-06-17 04:44:40,RT @SASOLIDWASTE: Do you have a creative and inventive child? Does your child love the San Antonio Spurs? Win Spurs ticket in our Upcycle C,0,3,0.5,"['Wilcox', 'Danish artist Thomas Dambo', 'Monica', 'backwoods', 'years', 'Copenhagen', 'giants', 'discard']"
172,2019-06-17 04:19:44,RT @ctlnplmr: Taught myself how to #recycle my #plastic #bags today and turn them into things that can be used for longer and not hurt the,0,1,0.8869965672492981,"['knifemaker', 'knives', 'knifemaking', 'inuit', 'ulu', 'art', 'inuk', 'urbaninu', 'antler handles']"
173,2019-06-17 04:16:38,"Well, this certainly is one way to reduce single use plastic bags! Canada for the win. @UNILAD #upcycle https://t.co/WGR1bJU4SA",0,0,0.5,"['Guest garden artist', 'tweet', 'gardening']"
174,2019-06-17 04:16:29,RT @Monica_Wilcox: Danish artist Thomas Dambo spent the last 3 years building giants in the backwoods outside Copenhagen using only discard,0,1434,0.5,"['Raymond Guest garden artist', 'GardenArtistry', 'gardening']"
175,2019-06-17 03:48:24,RT @art_inuk: Sent these off today. Loving the antler handles. #ulu #inuit #knives #knifemaker #upcycle #ecofriendly #knifemaking #urbaninu,0,11,0.7335617542266846,"['Raymond Guest garden artist', 'gardening']"
176,2019-06-17 03:40:55,Check out this tweet from GardenArtistry:\nRaymond Guest garden artist https://t.co/UK1DwO7XnE #gardening #upcycled #upcycle,0,0,0.5,"['noon', 'ZeroWaste festival', 'Oxford Town Hall', 'ShareOxford', ""Today's"", 'RT', 'thisisfreegle', 'Orino']"
177,2019-06-17 03:33:20,RT @GardenArtistry: Raymond Guest garden artist https://t.co/Il3qT8S7ST #gardening #upcycled #upcycle,0,1,0.5,"['festival', 'Patchwork', 'DenimEveryday']"
178,2019-06-17 03:30:17,Raymond Guest garden artist https://t.co/Il3qT8S7ST #gardening #upcycled #upcycle,0,1,0.8869965672492981,"['knifemaker', 'knives', 'knifemaking', 'inuit', 'ulu', 'art', 'inuk', 'urbaninu', 'antler handles']"
179,2019-06-17 03:19:42,RT @thisisfreegle: Today's the day!\n#ZeroWaste festival 12noon to 3pm at #Oxford Town Hall\nhttps://t.co/Z4kqwSGNSs\nwith #ShareOxford #Orino,0,4,0.5,"['Plarn', ""nDon't""]"
180,2019-06-17 02:53:54,#Patchwork #festival #reworked #denim #DenimEveryday #upcycle\nhttps://t.co/nNDmE4I07O,0,0,0.9611544609069824,"['New Mixed Media Piece - Available', 'Tooele Arts Festival', 'weekend', 'decoart', 'mixedmediaart']"
181,2019-06-17 02:35:04,RT @art_inuk: Sent these off today. Loving the antler handles. #ulu #inuit #knives #knifemaker #upcycle #ecofriendly #knifemaking #urbaninu,0,11,0.8869965672492981,"['knifemaker', 'knives', 'knifemaking', 'inuit', 'ulu', 'art', 'inuk', 'urbaninu', 'antler handles']"
182,2019-06-17 02:25:07,"#Plarn !!! \nDon't know how this is going to turn out, but I guess I'll post it here. Maybe it'll turn put to be a s https://t.co/RaGiQEQMN2",0,0,0.2506021559238434,"['bags', 'plastic', 'things']"
183,2019-06-17 02:13:56,New Mixed Media Piece - Available @ Tooele Arts Festival next weekend.  #mixedmedia #mixedmediaart #create #decoart https://t.co/500CddA4X1,0,0,0.8515654802322388,"['arm', 'black panther  Benny Boy', 'SewingSeamsEasy', 'lovesewing', 'trethevy', 'RT', 'sofa']"
184,2019-06-17 02:08:50,RT @art_inuk: Sent these off today. Loving the antler handles. #ulu #inuit #knives #knifemaker #upcycle #ecofriendly #knifemaking #urbaninu,0,11,0.8869965672492981,"['knifemaker', 'knives', 'knifemaking', 'inuit', 'ulu', 'art', 'inuk', 'urbaninu', 'antler handles']"
185,2019-06-17 02:02:09,Taught myself how to #recycle my #plastic #bags today and turn them into things that can be used for longer and not https://t.co/ODv5BfJxb3,0,1,0.8869965672492981,"['knifemaker', 'knives', 'knifemaking', 'inuit', 'ulu', 'art', 'inuk', 'urbaninu', 'antler handles']"
186,2019-06-17 01:49:44,RT @SewingSeamsEasy: He thinks hes a black panther  Benny Boy relaxing on the arm of the sofa. #lovesewing #upcycle #refashion #trethevy,0,1,0.9077171683311462,"['knifemaker', 'knives', 'ulu', 'inuit', 'knifemaking', 'antler handles']"
187,2019-06-17 01:44:52,RT @art_inuk: Sent these off today. Loving the antler handles. #ulu #inuit #knives #knifemaker #upcycle #ecofriendly #knifemaking #urbaninu,0,11,0.5,"['RecyclingSkills', 'Time', 'sustainability', 'CircularE', 'RT', 'DavidWhinray', 'axe', 'trees']"
188,2019-06-17 01:42:50,RT @art_inuk: Sent these off today. Loving the antler handles. #ulu #inuit #knives #knifemaker #upcycle #ecofriendly #knifemaking #urbaninu,0,11,0.8023099303245544,"['unwanted items', 'useable product', 'waste', 'practice', 'existing produ', 'Upcycling']"
189,2019-06-17 01:27:25,Sent these off today. Loving the antler handles. #ulu #inuit #knives #knifemaker #upcycle #ecofriendly #knifemaking https://t.co/CaGLfxo6Ma,70,11,0.8614761829376221,"['nice ambient glow', 'room', 'RT', 'AAbLeticia', 'nHere', ""nI'm""]"
190,2019-06-17 00:11:18,RT @DavidWhinray: Time we put down the axe and start planting trees for each other.\n\n@RecyclingSkills #recycling #sustainability #CircularE,0,148,0.2404569685459137,"['grouting', 'project']"
191,2019-06-16 23:56:07,Upcycling is the practice of creating a useable product from waste or unwanted items or adapting an existing produ https://t.co/CvbFIU7knP,3,0,0.939480721950531,"['nice ambient glow', 'nHere', ""nI'm""]"
192,2019-06-16 23:37:16,RT @AAbLeticia: 3/3\nHere is how they finished up.\nI'm really pleased with how they turned out. They give a nice ambient glow to the room. C,0,1,0.850501537322998,"['malachite countertops', 'GreenLiving', 'Craft', 'Vintage', 'Moonstone sink', 'Rooms']"
193,2019-06-16 23:35:27,Getting closer to grouting. Already thinking about my next project....as soon as I find it! \n.\n.\n.\n. https://t.co/pajQgZ4dLs,0,0,0.5,"['Wilcox', 'Danish artist Thomas Dambo', 'Monica', 'backwoods', 'years', 'Copenhagen', 'giants', 'discard']"
194,2019-06-16 23:26:46,3/3\nHere is how they finished up.\nI'm really pleased with how they turned out. They give a nice ambient glow to the https://t.co/PhwqWdUMU6,1,1,0.18525561690330505,"['stain-proof shirt', 'JDLReflections', 'plastic bottles', 'PlasticPollution', 'Recycling', 'Innovation']"
195,2019-06-16 23:23:10,Moonstone sink with malachite countertops........Rooms we love!\n#GreenLiving #Craft #Vintage #Recycle #Repurpose https://t.co/oaj8qiLMkb,2,1,0.878413736820221,"['arm', 'black panther  Benny Boy', 'sofa', 'lovesewing']"
196,2019-06-16 23:19:00,RT @Monica_Wilcox: Danish artist Thomas Dambo spent the last 3 years building giants in the backwoods outside Copenhagen using only discard,0,1434,0.9162650108337402,"[""Father's day gift"", ""Happy Father's Day"", 'fathersdaygifts', 'scripture', 'bibleverses', 'husband', 'RT', 'oldbarndecor', 'ps', 'year']"
197,2019-06-16 22:11:34,RT @JDLReflections: This stain-proof shirt is made out of plastic bottles.  #PlasticPollution #Recycling #Upcycle #Innovation https://t.c,0,1,0.5,"['Boho Gift', 'Celluloid', 'Rhinestone Flowers', 'Vintage Assemblage Necklace', 'Bridal', 'kittys5n10', 'Jewelry', 'RT', 'Mom']"
198,2019-06-16 21:55:07,He thinks hes a black panther  Benny Boy relaxing on the arm of the sofa. #lovesewing #upcycle #refashion https://t.co/xVLz3znvyM,0,1,0.11953708529472351,"['tired wood furniture', 'DIY']"
199,2019-06-16 21:54:29,RT @oldbarndecor: Father's day gift for my husband this year. Happy Father's Day!\n\n#fathersday #fathersdaygifts #scripture #bibleverses #ps,0,1,0.7036741375923157,"['pallets planks', 'scaffold material', 'amp', 'outside spaces', 'RT', 'UTCPlymouth', 'creativity']"
200,2019-06-16 21:47:24,"RT @kittys5n10: Vintage Assemblage Necklace, Celluloid And Rhinestone Flowers, Bridal Upcycled Jewelry, Boho Gift For Her, Gift For Mom, Je",0,60,0.8592642545700073,"['information', 'CrimpleHall', 'blog', 'RT', 'wooddecorltd', 'stall', 'restora', 'website']"
201,2019-06-16 21:42:28,Don't throw out your tired wood furniture when you could save it. #upcycle #DIY  https://t.co/8HQQw4Vl08 https://t.co/sux0ZO9qZh,0,0,0.9793938398361206,"['fun light', 'raw hem jeans', 'great way', 'Prix', 'zerowasteliving']"
202,2019-06-16 21:34:33,RT @UTCPlymouth: We pride ourselves on #creativity &amp; are making over our outside spaces-can you #donate pallets planks or scaffold material,0,9,0.5,"['savetheoceans', 'saveturtles', 'saynotoplastic', 'noplastic', 'savetheturtles', 'stopplasticpollution']"
203,2019-06-16 21:26:08,RT @wooddecorltd: All the information about our stall .@CrimpleHall is on our blog on the website. https://t.co/Mqi5wjdWVp \n\n#wood #restora,0,1,0.8908224105834961,"['Day', 'waste free breakfast', 'compostable natures', 'packagin', 'GreenWeek Stride Treglown', 'robert', 'sargent']"
204,2019-06-17 17:32:38,Here's yet another great way to style these fun light-wash raw hem jeans from Le Prix. \n  #zerowasteliving https://t.co/tNHZdGs6hb,0,0,0.3146868944168091,"['88SjQzUCz2', 'thing', 'waste hair salon', 'hairsalon', 'zerowaste', 'Theres']"
205,2019-06-17 11:10:45,#savetheturtles #turtles #saveturtles #savetheoceans #saynotoplastic #noplastic #stopplasticpollution https://t.co/nxIOujNRNh,0,0,0.9131556153297424,"['waste free breakfast', 'compostable natures', 'pack', 'GreenWeek Stride Treglown', 'Day']"
206,2019-06-17 10:31:59,RT @robert_sargent: Well Day 1 of #GreenWeek Stride Treglown starts with a 100% waste free breakfast with compostable natures own packagin,0,1,0.5,"['zerowasteliving', 'Natural Deodorant', 'zerowastelifestyle']"
207,2019-06-17 10:14:01,A zero waste hair salon? Yes! Theres such a thing:)\n\nhttps://t.co/88SjQzUCz2\n\n#hairsalon #zerowaste https://t.co/tSsUT0eQuJ,0,0,0.7526739239692688,"['saynotoplastic', 'stopplasticpollution', 'savetheseas', 'savetheoceans', 'noplastic', 'saveturtles']"
208,2019-06-17 08:19:12,Well Day 1 of #GreenWeek Stride Treglown starts with a 100% waste free breakfast with compostable natures own pack https://t.co/zSl88M49ci,3,1,0.8789612054824829,"['experiment', 'zerowasteliving']"
209,2019-06-17 05:17:41,How to Make Natural Deodorant.\n#homemade #zerowaste #zerowasteliving #zerowastelifestyle \n\n https://t.co/BHxWXv9fI9,0,0,0.8659307956695557,"['store', 'stylish bolga basket', 'beach']"
210,2019-06-17 04:14:13,#saveturtles #savetheoceans #savetheseas #stopplasticpollution #saynotoplastic #noplastic #saynotoplastic https://t.co/V2PJmUu8oV,0,0,0.9259660243988037,"['strong stance', 'ROCK', 's Day', 'single plastic bag use', 'Father', 'Daddy', 'SneakeyBag']"
211,2019-06-17 00:49:47,This is an experiment of mine. Stay tuned as I hope this dries soon. \n.\n.\n.\n.\n#zerowasteliving #lowimpact https://t.co/DI9ohDmyYB,0,0,0.9393438100814819,"['USHER', 'new way', 'Father', 's Day', 'Stuff', 'Things', 'Daddy', 'SneakeyBag']"
212,2019-06-17 00:00:17, Go to the beach and store everything in this stylish bolga basket  \n\n https://t.co/C1UEBudwBv\n.\n.\n. https://t.co/X87aBbH49h,0,0,0.8180730938911438,"['AIR AIR AIR', 'carrots', 'Daddy', 'reusablebag', 'SneakeyBag']"
213,2019-06-16 15:31:24,"SneakeyBag. Helping Daddy on Father\'s Day ""ROCK"" his strong stance on single plastic bag use. https://t.co/4yGwYeEGNj",0,0,0.5,"['zeropla', 'nE-mail', 'Chinese factory', 'Whatsapp', 'bamboo']"
214,2019-06-16 15:27:46,"SneakeyBag. Helping Daddy on this Father\'s Day ""USHER"" in a new way to carry his Stuff and Things. https://t.co/uVd6YkW2DT",0,0,0.7930455207824707,"['shapesherpa', 'rockstarinventor', 'saveouroceans', 'GETSNEAKEY', 'saveourplanet', 'World']"
215,2019-06-16 15:25:01,SneakeyBag. Helping Daddy carry 24 carrots in the AIR AIR AIR!\nhttps://t.co/wtYrBNrTwa \n#reusablebag #reduce https://t.co/J6wGss5YAI,0,0,0.8030930161476135,"['changeisnecessary', ""nI've"", 'stores']"
216,2019-06-16 15:24:15,Chinese factory :Whatsapp :0086-180-8676-3182\nE-mail:jack@artisantoothbrush.com\n#zeroplastic #bamboo https://t.co/xUIBMbCeEA,0,0,0.9461683630943298,"['lives', 'greatest role', ""happy Father's Day"", 'men', 'family']"
217,2019-06-16 15:09:08,The World is getting Sneakey! \n#GETSNEAKEY #rockstarinventor #shapesherpa #saveouroceans #saveourplanet #reusable https://t.co/NDysJTI3ge,0,0,0.5,"['RED HOT', 'Bright Red Jaeger Oversized Shirt Dress', 'SHOP']"
218,2019-06-16 14:24:05,\nI've hit up both stores once so far in 2019.  I'm quite proud of myself.\n\n#changeisnecessary #zilch https://t.co/5iReJ2gNtw,0,0,0.8300424814224243,"['Gotta', 'mashed potatoes safe', 'zilch', 'zerowasteliving', 'leftovers']"
219,2019-06-16 12:21:24,"To all the men who have taken on the greatest role of their lives, happy Father's Day! From our family to yours  https://t.co/OQM83cwjWo",0,0,0.5,"['shopsmall', 'ferrerorocher', 'shoplocal', 'opensundaysinmelbourne', 'chocoholic', 'ferrerochocolate']"
220,2019-06-16 07:45:01,RED HOT: Bright Red Jaeger Oversized Shirt Dress. SHOP NOW: https://t.co/xqkko0pPqt\n\n#vintage #jaeger https://t.co/Z43KkkvRNp,0,0,0.5,"['SWAG Element print SneakeyBag', 'promo code', 'GETSNEAKEY']"
221,2019-06-16 02:38:18,Gotta keep those mashed potatoes safe until I can gobble up the leftovers tomorrow.  \n\n#zilch #zerowasteliving https://t.co/xBlNaSEGEC,4,0,0.8722480535507202,"['boho', 'hippie', 'crafts', 'etsyseller', 'etsyshop', 'Jute macrame wall']"
222,2019-06-16 00:02:51,#opensundays #opensundaysinmelbourne #shoplocal #shopsmall #ferrerorocher #chocolate #chocoholic #ferrerochocolate https://t.co/7o3rACD8tg,0,0,0.27598053216934204,"['climatechange', 'travel', 'zerowasteliving', 'ethicalfashion', 'earth', 'bethechange', 'torture', 'ecoliving', 'envi']"
223,2019-06-15 21:30:25,"That Bag THO! Use promo code ""Bag"" and get 10% off of your SWAG Element print SneakeyBag!. #GETSNEAKEY https://t.co/P01lhwsYnP",0,0,0.7395826578140259,"['daddy', 'promo code', 'checkout', 'fathersday', 'SneakeyBag']"
224,2019-06-15 19:44:48,Jute macrame wall hanging availiable at my shop!\n\n#etsyshop #etsyseller #crafts #boho #hippie #natural #sustainable https://t.co/7P7HeSW1mX,1,0,0.0911121666431427,"['pledge', 'single waste plastic', 'Im', 'weekend', 'Ive']"
225,2019-06-15 16:58:07,RT @greenthirst: Stop this torture!#earth #travel #bethechange #zerowasteliving #climatechange #plantbased #ethicalfashion #ecoliving #envi,0,1,0.9171772003173828,"['lightest of footprints', 'plans', 'beautiful Mothe', 'nNo matter', 'Cheers', 'weekend']"
226,2019-06-15 14:53:24,"Use promo code ""BAG"" at checkout and get 10% off of your SneakeyBag!\n#daddy #fathersday #father https://t.co/eqIxOnDuhy",0,0,0.5,"['FridayFeeling', 'GreenCommF', 'SpreadTheWord', 'share', 'RT', 'order', 'minimalist', 'items']"
227,2019-06-14 19:58:03,Ive signed a pledge to not use single waste plastic next week. Im spending the weekend getting prepared. https://t.co/01aCqYjcQZ,14,1,0.9333615899085999,"['COOL BAG', 'recycling', 'reduceycarbonfootprint', 'GETSNEAKEY', 'promo']"
228,2019-06-14 19:25:02,"Cheers to the weekend !  \nNo matter what your plans, let's leave only the lightest of footprints on beautiful Mothe https://t.co/OdFWNZIwxs",0,0,0.9569836854934692,"['REUSABLE', 'reduceycarbonfootprint', 'sustainablelife', 'flagday', 'banthebag', 'fathersday']"
229,2019-06-14 17:30:22,"RT @GreenCommF: #FridayFeeling #SpreadTheWord\n\nIn order to live #sustainably, we must be #minimalist.\n\nBorrow, share, lend items instead of",0,1,0.8328412771224976,"['plasticfree', 'sustainability', 'noplastic', 'zerowaste', 'sustainableli', 'RT', 'SharkDream2100']"
230,2019-06-14 15:07:45,"Such a COOL BAG. Use promo ""BAG"" and save! #reduceycarbonfootprint #reduce #reduce #recycling #GETSNEAKEY https://t.co/h83z7agwTh",0,0,0.3146868944168091,"['88SjQzUCz2', 'thing', 'waste hair salon', 'hairsalon', 'zerowaste', 'Theres']"
231,2019-06-14 14:20:29,#fathersday #flagday #reduceycarbonfootprint #reduce #REUSABLE #sustainablelife #reusable #banthebag https://t.co/vcZMbWpf5R,0,0,0.783484935760498,"['plasticfree', 'sustainability', 'zerowaste', 'noplastic']"
232,2019-06-14 13:50:31,RT @SharkDream2100: Think before you trash it.\n\n#zerowaste #ecofriendly #plasticfree #sustainable #sustainability #noplastic #sustainableli,0,1,0.5,"['share', 'order', 'FridayFeeling', 'SpreadTheWord', 'minimalist', 'items']"
233,2019-06-14 13:10:44,A zero waste hair salon? Yes! Theres such a thing:)\n\nhttps://t.co/88SjQzUCz2\n\n#hairsalon #zerowaste https://t.co/sDI4tbenu0,1,0,0.7526739239692688,"['stopplasticpollution', 'savetheseas', 'saynotoplastic', 'saveturtles', 'noplastic', 'turtlecare', 'nosingleuseplastic']"
234,2019-06-14 13:07:04,Think before you trash it.\n\n#zerowaste #ecofriendly #plasticfree #sustainable #sustainability #noplastic https://t.co/VJ2jzEgJCo,0,1,1.9103288650512695e-05,"['reducefoodwaste', 'goingzerowaste', 'zerowasteliving', 'reducewaste', 'zerowastelife', 'waronwasteau']"
235,2019-06-14 10:59:24,"#FridayFeeling #SpreadTheWord\n\nIn order to live #sustainably, we must be #minimalist.\n\nBorrow, share, lend items in https://t.co/10VGaL4Rid",1,1,0.9677876830101013,"['different recipes', 'zilch', 'dishwasher tabs', 'site', 'zerowasteliving']"
236,2019-06-14 08:05:42,#turtlecare #saveturtles #savetheseas #stopplasticpollution #saynotoplastic #noplastic #nosingleuseplastic https://t.co/lOxYmyVdwS,0,0,0.7526739239692688,"['souptogo', 'wintersoup', 'vegetablesoup', 'zerowasteshopping', 'soupseason', 'soupoftheday']"
237,2019-06-14 03:20:41,#waronwasteau #reducewaste #reducefoodwaste #foodwaste #food #waste #goingzerowaste #zerowasteliving #zerowastelife https://t.co/IuJlwyHtO7,0,0,0.1516820192337036,"['zerowaste', 'plasticfreeliving', 'plasticpollution', 'sucks']"
238,2019-06-14 00:50:26,Making your own dishwasher tabs is crazy easy.  Check out my site for 2 different recipes.\n\n#zilch #zerowasteliving https://t.co/nOeCDyn0Hb,1,0,0.808948278427124,"['zilch', 'zerowasteliving', 'Klaus', 'zerowastehome', 'zerowastefail', 'lowwastemovement', 'newest friend']"
239,2019-06-13 23:56:05,#soupoftheday #soupseason #vegetablesoup #souptogo #wintersoup #zerowasteshopping #zerowasteshop #zerowaste https://t.co/5REdJ2VYcm,0,0,0.5,"['final bolts', 'husband', 'son', 'new compost tumbler', 'backyard of projects', 'dogpr']"
240,2019-06-13 19:27:43,Not to mention everywhere else \n\nPlastic sucks \n.\n.\n.\n\n#plasticfree #zerowaste #plasticfreeliving #plasticpollution https://t.co/89PbKXCvil,1,0,1.0,"['saveouroceans', 'saveourplanet', 'shapesherpa', 'reusable', 'rockstarinventor', 'banthebag', 'GETSNEAKEY', 'zerowasteliving']"
241,2019-06-13 17:01:47,"Meet my newest friend, Klaus.\n\n\n#zilch #zerowasteliving #zerowastehome #zerowastefail #lowwastemovement https://t.co/oHzHeBXS0X",0,0,0.5,"['Crisis', 'Startling Facts', 'Oceans', 'matter ho']"
242,2019-06-13 14:43:04,Our backyard of projects...husband and a son putting the final bolts into the new compost tumbler. (We had to dogpr https://t.co/85szr9WyJ5,0,0,0.7526739239692688,"['plasticfreeliving', 'zerowasteliving', 'recycling', 'saynotoplastic', 'gogreen']"
243,2019-06-13 14:00:40,#GETSNEAKEY #rockstarinventor #shapesherpa #saveouroceans #saveourplanet #reusable #banthebag #zerowasteliving https://t.co/yVvooYuVZU,0,0,0.786024808883667,"['makeinindia', 'zerowasteliving', 'sustainableliving', 'PapersmartE', 'savetrees', 'reuse']"
244,2019-06-13 11:30:04,"7 Startling Facts About the Crisis Facing Our Oceans. \nhttps://t.co/6oY3ybo3Qa\n\nLet's all do our part, no matter ho https://t.co/eCfn7ohOrM",0,0,0.19480806589126587,"['zerowasteliving', 'plasticphobia', 'zerowasteparty', 'W9HwxcHoov']"
245,2019-06-13 10:13:15,#zerowaste #recycling #plasticfree #plasticfreeliving #zerowasteliving #saynotoplastic #gogreen https://t.co/eIojAWbjpr,1,0,0.25283682346343994,"['sustainableliving', 'zerowasteliving', 'savetrees', 'makeinindia']"
246,2019-06-13 08:20:47,RT @PapersmartE: #makeinindia #sustainable #sustainableliving #recycled #zerowaste #zerowasteliving #savetrees \n#recycle #reduce #reuse #re,0,1,0.0,"['reducewaste', 'goingzerowaste', 'waronwaste', 'zerowasteshopping', 'stopfoodwaste']"
247,2019-06-13 06:51:10,"RT @plasticphobia: If you think that #zerowasteparty seems impossible, think again and read on! \n#zerowasteliving\n\nhttps://t.co/W9HwxcHoov",0,2,0.19480806589126587,"['zerowasteliving', 'plasticphobia', 'zerowasteparty', 'W9HwxcHoov']"
248,2019-06-13 04:33:59,#makeinindia #sustainable #sustainableliving #recycled #zerowaste #zerowasteliving #savetrees \n#recycle #reduce https://t.co/cc1VoOxVA6,1,1,0.8988616466522217,"['plasticfree', 'zerowaste', 'buybetter', 'sustainability', 'singleusesucks']"
249,2019-06-13 04:10:24,#zerowasteshopping #waronwaste #zerowasteshop #reducewaste #goingzerowaste #zerowaste #waste #stopfoodwaste https://t.co/DEXnXrqgTC,1,0,0.9444869756698608,"['special price', 'reusablebag', 'nPurple MIST', 'ocean', 'promo code', 'GETSNEAKEY']"
250,2019-06-12 22:34:46,"RT @plasticphobia: If you think that #zerowasteparty seems impossible, think again and read on! \n#zerowasteliving\n\nhttps://t.co/W9HwxcHoov",0,2,0.848834753036499,"['Purple MIST', 'shapesherpa', 'saveouroceans', 'rockstarinventor', 'GETSNEAKEY', 'saveourplanet']"
251,2019-06-12 18:31:59,#singleusesucks #plasticfree #buybetter #zerowaste #ecofriendly #plasticfree #sustainable #sustainability https://t.co/6miCz9v6hX,0,1,0.2018870711326599,"['saveouroceans', 'bulkbuy', 'refill', 'plasticfree', 'shoplocal', 'birkenhead', 'zerowasteliving', 'wirral']"
252,2019-06-12 16:13:02,"Use promo code ""BAG"" and get \nPurple MIST for a special price.\n#REUSABLE #reusablebag #reduce #ocean #GETSNEAKEY https://t.co/Xjvyg4FUMe",0,0,0.2018870711326599,"['saveouroceans', 'bulkbuy', 'refill', 'plasticfree', 'shoplocal', 'birkenhead', 'zerowasteliving', 'wirral']"
253,2019-06-12 16:06:53,"Purple MIST, Purple MIST. yeah \n#GETSNEAKEY #rockstarinventor #shapesherpa #saveouroceans #saveourplanet #reusable https://t.co/So5w21lkI8",0,0,0.8786177039146423,"['PLANET', 'GETSNEAKEY', 'rockstarinventor', 'shapesherpa', 'saveouroceans', 'promo code', 'SAVINGS']"
254,2019-06-12 14:03:11,All stocked up \n#zerowasteliving #plasticfree #saveouroceans #refill #bulkbuy #shoplocal #birkenhead #wirral https://t.co/DL30yBALkY,0,0,0.18271124362945557,"['zerowasteliving', 'zerowasteparty', 'W9HwxcHoov']"
255,2019-06-12 13:57:26,All stocked up \n#zerowasteliving #plasticfree #saveouroceans #refill #bulkbuy #shoplocal #birkenhead #wirral https://t.co/PXftNToWEb,1,0,0.8930336833000183,"['lovetheplanet', 'sustainableliving', 'zerowasteliving', 'Soul']"
256,2019-06-12 13:41:12,"Use promo code ""PLANET "" right NOW FOR MORE SAVINGS. #GETSNEAKEY #rockstarinventor #shapesherpa #saveouroceans https://t.co/uOVyfAYMlM",0,0,0.9246604442596436,"['small changes', 'new habits', 'nJust', 'waste lifestyle', 'th']"
257,2019-06-12 11:55:00,"If you think that #zerowasteparty seems impossible, think again and read on! \n#zerowasteliving\n\nhttps://t.co/W9HwxcHoov",1,2,0.08935102820396423,"['waste Las empresas se lanzan', 'residuo cero', 'residuocero', 'zerowasteliving']"
258,2019-06-12 11:52:00,"Feed the Planet, Feed the Soul. We are all connected as one. \n#lovetheplanet #sustainableliving #zerowasteliving https://t.co/3XdE4vwDdI",0,0,0.5,"['Theres', 'minimalist', 'minimalism', 'bulkshopping', 'zerowaste', 'RT', 'samanthasambil', 'bulk jars']"
259,2019-06-12 10:05:19,"Starting a zero waste lifestyle does not mean being perfect.\nJust make small changes, create new habits and know th https://t.co/5CWFHrzOYZ",0,0,0.6706817746162415,"['Theres', 'bulk jars', 'minimalist', 'minimalism', 'bulkshopping']"
260,2019-06-12 09:10:38,Zero waste Las empresas se lanzan al residuo cero! \n#residuocero #zerowaste #zerowasteliving  https://t.co/mB1HC5J72Z,1,0,0.5,"['newportshropshire', 'shropshirebusiness', 'petsitter', 'dogwalker', 'smallbusinessowner']"
261,2019-06-11 22:27:25,RT @samanthasambil: Theres nothing like restocking your bulk jars. \n.\n.\n.\n.\n.\n.\n.\n.\n.\n.\n#minimalist #minimalism #bulkshopping #zerowaste,0,1,0.9999992847442627,"['canada', 'reducereuserecycle', 'bansingleuseplastic', 'zerowasteliving']"
262,2019-06-11 22:14:16,Theres nothing like restocking your bulk jars. \n.\n.\n.\n.\n.\n.\n.\n.\n.\n.\n#minimalist #minimalism #bulkshopping https://t.co/rIAf0R00Qf,0,1,0.8209215998649597,"['beeswax wrap', 'lid', 'Goodwill', 'old sheet', 'bottle', 'oatmilk', 'zerowasteliving']"
263,2019-06-11 20:36:40,#dogwalker #petsitter #newportshropshire #shropshire #shropshirebusiness #smallbusiness #smallbusinessowner https://t.co/cr5KFpLk3J,0,0,0.5,"['average American', 'metric tons of carbon dioxide', 'year', 'Nolt states']"
264,2019-06-11 18:58:48,So awesome!\n\n\n#bansingleuseplastic #bansingleuse #canada #reducereuserecycle #zerowaste #zerowasteliving https://t.co/sijYvw40hH,1,0,0.9942078590393066,"['Homemade cleaning products', 'nCheaper', 'wallet']"
265,2019-06-11 16:54:14,I made oatmilk! The bottle is from Goodwill and the lid is a beeswax wrap made from an old sheet. #zerowasteliving https://t.co/ybgPMkOsUH,0,0,0.9286595582962036,"['ZeroWaste bread', 'way', 'plastic wit', 'bags']"
266,2019-06-11 12:48:02,"Nolt states ""the average American generates about 16 metric tons of carbon dioxide-equivalent a year, more than tri https://t.co/kcWfvtyB7G",0,0,0.2532958984375,"['zerowasteliving', 'savetrees', 'reusereducerecycle', 'ecopencil']"
267,2019-06-11 08:44:56,"#Homemade cleaning products......simple and quick to make.\nCheaper on your wallet, kinder to you and kinder to the https://t.co/qdSm0ZLf3o",4,0,0.8351861238479614,"['PLANET', 'nUse promo code', 'gift', 'SneakeyBag']"
268,2019-06-11 07:50:04,Freshly baked #ZeroWaste bread anyone..? \n\nReusable bread and produce bags are just one way of reducing plastic wit https://t.co/VSB1OgYvYp,1,0,0.7526739239692688,"['yogini', 'zerowasteliving', 'yogaquote', 'gogreenchallenge', 'karmayoga', 'mindfulnessyoga']"
269,2019-06-11 04:59:46,#recycled #zerowaste #zerowasteliving #savetrees \n#recycle #reduce #reuse #reusereducerecycle #ecopencil #savetree https://t.co/nkLIo8w8n2,0,0,0.9477005004882812,"['ROCKSTARINVENTOR', 'reusablebag', 'GETSNEAKEY', 'reduceycarbonfootprint', 'sustainablelife', 'REUSABLE BAG']"
270,2019-06-11 04:35:08,"That gift that gives back to you and the PLANET! \nUse promo code ""PLANET "" and get 20% off of your SneakeyBag. https://t.co/9nmohECmvE",0,0,1.0,"['sneakeybag', 'saveouroceans', 'saveourplanet', 'reusable', 'banthebag', 'zerowasteliving', 'GETSNEAKEY']"
271,2019-06-11 03:13:50,#karmayoga #yogaquote #yogini #karma #zerowaste #zerowasteliving #gogreenchallenge #mindfulnessyoga https://t.co/LxDzR4npFo,1,0,0.7725294232368469,"['whats', 'RT', 'Waronplastic Babipurians', 'recycling']"
272,2019-06-10 22:23:49,"RE, RE, REUSABLE BAG. \n#GETSNEAKEY #ROCKSTARINVENTOR #reusablebag #reduceycarbonfootprint #sustainablelife https://t.co/ILFb2GIvcp",0,0,0.8148066401481628,"['Waronplastic Babipurians', 'fe', 'whats', 'recycling']"
273,2019-06-10 21:58:47,#GETSNEAKEY #sneakeybag #sneakey #saveouroceans #saveourplanet #reusable #banthebag #zerowasteliving #sneakeybag https://t.co/GKjuLJ5gLn,0,0,0.9572336673736572,"['GETSNEAKEY', 'ROCKSTARINVENTOR', 'PICKUPYOURSHIT', 'SHAPESHERPA', 'SAVEOUROCEANS']"
274,2019-06-10 20:35:46,"RT @babipur: whats happening to our #recycling where does it go? Are you all watching #Waronplastic Babipurians, how are you feeling right",0,1,0.7526739239692688,"['GETSNEAKEY', 'rockstarinventor', 'banthebag', 'willsmith', 'pickupyourshit', 'jadensmith', 'sneakeyclean']"
275,2019-06-10 20:34:55,"whats happening to our #recycling where does it go? Are you all watching #Waronplastic Babipurians, how are you fe https://t.co/obALEiJ7XD",8,1,1.0,"['reusable', 'banthebag', 'saveourplanet', 'zerowasteliving', 'saveouroceans', 'sneakeyclean', 'sneakeybag']"
276,2019-06-10 18:57:21,We can and MOST DO BETTER! \n#PICKUPYOURSHIT #GETSNEAKEY #ROCKSTARINVENTOR #SHAPESHERPA #SAVEOUROCEANS https://t.co/sW3Q89ZvH7,0,0,0.7978944182395935,"['nUse promo code', 'SneakeyBag', 'PLANET', 'GETSNEAKEY', 'rockstarinventor', 'checkout']"
277,2019-06-10 18:48:10,#sneakeyclean #pickupyourshit #banthebag #GETSNEAKEY #rockstarinventor #willsmith #jadensmith #GETSNEAKEY https://t.co/wCCICsVgzz,0,0,0.7521162629127502,"['website', 'plastic footprint', 'happyturtle', 'ind', 'plasticfootprintcalcu']"
278,2019-06-10 18:41:05,#sneakeyclean #saveouroceans #saveourplanet #reusable #banthebag #zerowasteliving #sneakey #sneakeybag https://t.co/8l4VQnkJJV,0,0,0.276228666305542,"['challenges', 'R0bertaLee', 'zerowasteliving journey', 'EBD founder', 'stride']"
279,2019-06-10 13:51:02,"Get SneakeyBag TODAY!\nUse promo code ""PLANET "" and get 20% off at checkout. #GETSNEAKEY #rockstarinventor https://t.co/DqHIzcVpOa",0,0,0.832076370716095,"['bamboo toothbrush', 'bambootoothbrush', 'ecofriendlyliving', 'pieces Family kit']"
280,2019-06-10 06:40:55,RT @happyturtle_ind: Visit our website to check your plastic footprint\nhttps://t.co/yf1qOZolAT\n\n#footprintcalculator #plasticfootprintcalcu,0,1,0.7526739239692688,"['reducewaste', 'waronwasteau', 'zerowasteshopping', 'goingzerowaste', 'zerowasteliving']"
281,2019-06-10 06:09:50,"EBD founder @R0bertaLee has been documenting her #zerowasteliving journey, taking its challenges in her stride. Her https://t.co/IkhdKaSK1g",6,0,0.5,"['animasoinbio Quebec', 'field  pattedeaubio', 'animasoinbiocanada', 'artisansoaps', 'Happinesses']"
282,2019-06-10 04:45:44,3pieces Family kit: bamboo toothbrush!#bamboo #bambootoothbrush #ecofriendly #ecofriendlyliving #toothbrush #dental https://t.co/rVTRFshcGJ,0,0,0.8551592826843262,"['awesome people', 'zerowastenearme', 'zerowaste shops', 'amazing map', 'RT', 'ToastAle', 'UK']"
283,2019-06-10 00:34:59,#zerowasteshop #zerowasteshopping #waronwaste #reducewaste #waronwasteau #goingzerowaste #zerowasteliving https://t.co/1Q1MbPJ17a,0,0,0.5,"['farthersday', 'fathersdaygifts', 'life', 'set of hands', 'Dad', 'Sneakey']"
284,2019-06-09 21:58:03,"Happinesses is on the field  pattedeaubio, animasoinbio Quebec  #animasoinbio #animasoinbiocanada #artisansoaps https://t.co/p9V8grOfX5",1,0,0.7929755449295044,"['website', 'plastic footprint']"
285,2019-06-09 20:59:42,RT @ToastAle: The awesome people at @zerowastenearme have complied the most amazing map highlighting all the #zerowaste shops across the UK,0,4,0.803993821144104,"['zrodchet', 'sensibiliser au', 'faire', 'Informer', 'choix en conscience', 'LaPlanneuse', 'CoussinC', 'ZD', 'RT', 'Belle ITW']"
286,2019-06-09 18:46:14,The Dad in your life can always use a second set of hands. Get Sneakey! \n#farthersday #fathersday #fathersdaygifts https://t.co/OI7sznQrnE,0,0,0.9856957197189331,"['plastic free skin', 'hair care range', 'vegan', 'hello']"
287,2019-06-09 16:33:37,Visit our website to check your plastic footprint\nhttps://t.co/yf1qOZolAT\n\n#footprintcalculator https://t.co/R4BwF0vKck,2,1,0.7191194295883179,"['break', 'leather', 'nPlastic', 'sustainablefashion', 'earrings', 'kente', 'african', 'tosynesther', 'fabric', 'RT']"
288,2019-06-09 09:58:27,"RT @CoussinC: Informer, sensibiliser au #zrodchet pour faire des choix en conscience ! Belle ITW de @LaPlanneuse pour @ZD_Angers. Et un p",0,7,0.8085681200027466,"['leather', 'nPlastic', 'sustainablefashion', 'earrings', 'kente', 'break', 'fabric']"
289,2019-06-09 06:48:40,"Come say hello and check out our vegan, natural and plastic free skin and hair care range on https://t.co/5jfiwjRsBe",2,0,0.7914772033691406,"['colourful bolga baskets', 'room tidy']"
290,2019-06-09 01:02:02,RT @tosynesther: Lets take a break from leather....\nPlastic and fabric it is today!\n.\n.\n.\n#sustainablefashion #earrings #kente #african #a,0,1,1.0,"['reusable', 'banthebag', 'saveourplanet', 'zerowasteliving', 'saveouroceans', 'sneakeybag', 'worldoceansday']"
291,2019-06-09 00:56:50,Lets take a break from leather....\nPlastic and fabric it is today!\n.\n.\n.\n#sustainablefashion #earrings #kente https://t.co/rxX5ls4DkY,1,1,0.9473944306373596,"['promo code', 'GETSNEAKEY', 'rockstarinventor', 'PLANET', 'COOLEST way']"
292,2019-06-09 00:00:05,Filled everything into our colourful bolga baskets to make the room tidy  \n\n https://t.co/C1UEBudwBv \n.\n.\n. https://t.co/7n1126fiFl,2,0,0.9745819568634033,"['shapesherpa', 'GETSNEAKEY', 'saveouroceans', 'rockstarinventor', 'saveourplanet', 'Sneakey Good Day']"
293,2019-06-08 23:37:28,#worldoceansday #saveouroceans #saveourplanet #reusable #banthebag #zerowasteliving #sneakeybag #sneakey https://t.co/Tqr1Y2FvcZ,0,0,1.0,"['saveouroceans', 'saveourplanet', 'shapesherpa', 'reusable', 'rockstarinventor', 'banthebag', 'GETSNEAKEY', 'zerowasteliving']"
294,2019-06-08 23:35:00,"Use promo code""PLANET "" and get 20% off of the COOLEST way to say you care.\n#GETSNEAKEY #rockstarinventor https://t.co/7DQ091jFHV",0,0,1.0,"['reusable', 'banthebag', 'saveourplanet', 'zerowasteliving', 'saveouroceans', 'sneakeyclean', 'sneakeybag']"
295,2019-06-08 23:21:03,Have a Sneakey Good Day.\n#GETSNEAKEY #rockstarinventor #shapesherpa #saveouroceans #saveourplanet #reusable https://t.co/GaItqvTrw3,0,0,0.9270262718200684,"['English Heritage', 'potato starch', 'Devonshiremag', 'Great packaging', 'proudtobegreen', 'RT']"
296,2019-06-08 20:39:41,#GETSNEAKEY #rockstarinventor #shapesherpa #saveouroceans #saveourplanet #reusable #banthebag #zerowasteliving https://t.co/hMozGSBI4j,0,0,0.5,"['RED HOT', 'Bright Red Jaeger Oversized Shirt Dress', 'SHOP']"
297,2019-06-08 20:38:55,#sneakeyclean #saveouroceans #saveourplanet #reusable #banthebag #zerowasteliving #sneakey #sneakeybag https://t.co/Dynjx82lAd,0,0,0.9488886594772339,"['RT', 'melosky', 'household', 'composting', 'best']"
298,2019-06-08 11:20:13,RT @Devonshiremag: Great packaging from English Heritage - made from potato starch\n#proudtobegreen #ecofriendly #devonwildlifetrust  #plast,0,1,0.9082959294319153,"['household', 'composting']"
299,2019-06-08 09:00:02,RED HOT: Bright Red Jaeger Oversized Shirt Dress. SHOP NOW: https://t.co/xqkko0pPqt\n\n#vintage #jaeger https://t.co/DOfybvlNZO,1,0,0.7146434187889099,"['cheeseplate', 'cheeseandcrackers', 'cheeseplatter', 'crackersandcheese', 'frenchcheeseboard', 'antipasto']"
300,2019-06-08 08:12:18,RT @melosky_83: Have you always wondered if your household could benefit from composting? Learn more about how to compost and what the best,0,1,,
301,2019-06-08 08:02:07,Have you always wondered if your household could benefit from composting? Learn more about how to compost and what https://t.co/2eiGdWmKoK,2,1,,
302,2019-06-08 04:54:37,#frenchcheeseboard #cheeseplatter #cheeseboard #cheeseplate #cheeseandcrackers #crackersandcheese #antipasto https://t.co/OvIhWLJmhn,0,0,,
