2019-06-21 13:57:02,b'Hoping the rain we\xe2\x80\x99re getting in Calgary is traveling south to those who need it. | Drought forces producers to sel\xe2\x80\xa6 https://t.co/HX2ROQSxNL',0,0
2019-06-21 10:28:37,"b'RT @soraazure: @hiroshimilano \xe6\xb1\xba\xe5\xae\x9a\xe3\x81\xae\xe6\xa0\xb9\xe6\x8b\xa0\xe6\xb3\x95\xe4\xbb\xa4\xe3\x81\xaf\xe4\xbd\x95\xef\xbc\x9f\xe6\x86\xb2\xe6\xb3\x959\xe6\x9d\xa1\xe3\x81\xaf\xe8\x87\xaa\xe8\xa1\x9b\xe9\x9a\x8a\xe3\x82\x92\xe3\x80\x8c\xe6\x9c\xac\xe5\x9c\x9f\xe9\x98\xb2\xe8\xa1\x9b\xe5\xb0\x82\xe7\x94\xa8\xe9\x9a\x8a\xe3\x80\x8d\xe3\x81\xa8\xe5\xae\x9a\xe7\xbe\xa9\xe4\xbb\x98\xe2\x86\x90\xe8\x87\xaa\xe3\x81\x9a\xe3\x81\xa8\xe8\xaa\xbf\xe9\x81\x94\xe3\x81\x99\xe3\x82\x8b\xe6\xad\xa6\xe5\x99\xa8\xe3\x81\xae\xe7\xa8\xae\xe9\xa1\x9e\xe3\x81\xaf\xe9\x99\x90\xe3\x82\x89\xe3\x82\x8c\xe3\x82\x8b\xef\xbc\x88\xe5\x9c\xb0\xe5\xaf\xbe\xe7\xa9\xba\xe3\x83\x9f\xe3\x82\xb5\xe3\x82\xa4\xe3\x83\xabOK,\xe5\x9c\xb0\xe5\xaf\xbe\xe5\x9c\xb0\xe3\x83\x9f\xe3\x82\xb5\xe3\x82\xa4\xe3\x83\xabNG\xef\xbc\x89\nhttps://t.co/KcpsC5Tp5A \xe7\xb1\xb3\xe5\x9b\xbd\xe3\x81\x8b\xe3\x82\x89\xe3\x81\xb0\xe3\x82\x89\xe3\x81\x95\xe3\x82\x8c\xe3\x81\xa6\xe5\x88\x9d\xe3\x82\x81\xe3\x81\xa6\xe7\x9f\xa5\xe2\x80\xa6'",0,2
2019-06-21 04:06:32,"b'RT @soraazure: @hiroshimilano \xe6\xb1\xba\xe5\xae\x9a\xe3\x81\xae\xe6\xa0\xb9\xe6\x8b\xa0\xe6\xb3\x95\xe4\xbb\xa4\xe3\x81\xaf\xe4\xbd\x95\xef\xbc\x9f\xe6\x86\xb2\xe6\xb3\x959\xe6\x9d\xa1\xe3\x81\xaf\xe8\x87\xaa\xe8\xa1\x9b\xe9\x9a\x8a\xe3\x82\x92\xe3\x80\x8c\xe6\x9c\xac\xe5\x9c\x9f\xe9\x98\xb2\xe8\xa1\x9b\xe5\xb0\x82\xe7\x94\xa8\xe9\x9a\x8a\xe3\x80\x8d\xe3\x81\xa8\xe5\xae\x9a\xe7\xbe\xa9\xe4\xbb\x98\xe2\x86\x90\xe8\x87\xaa\xe3\x81\x9a\xe3\x81\xa8\xe8\xaa\xbf\xe9\x81\x94\xe3\x81\x99\xe3\x82\x8b\xe6\xad\xa6\xe5\x99\xa8\xe3\x81\xae\xe7\xa8\xae\xe9\xa1\x9e\xe3\x81\xaf\xe9\x99\x90\xe3\x82\x89\xe3\x82\x8c\xe3\x82\x8b\xef\xbc\x88\xe5\x9c\xb0\xe5\xaf\xbe\xe7\xa9\xba\xe3\x83\x9f\xe3\x82\xb5\xe3\x82\xa4\xe3\x83\xabOK,\xe5\x9c\xb0\xe5\xaf\xbe\xe5\x9c\xb0\xe3\x83\x9f\xe3\x82\xb5\xe3\x82\xa4\xe3\x83\xabNG\xef\xbc\x89\nhttps://t.co/KcpsC5Tp5A \xe7\xb1\xb3\xe5\x9b\xbd\xe3\x81\x8b\xe3\x82\x89\xe3\x81\xb0\xe3\x82\x89\xe3\x81\x95\xe3\x82\x8c\xe3\x81\xa6\xe5\x88\x9d\xe3\x82\x81\xe3\x81\xa6\xe7\x9f\xa5\xe2\x80\xa6'",0,2
2019-06-20 22:33:00,"b'@hiroshimilano \xe6\xb1\xba\xe5\xae\x9a\xe3\x81\xae\xe6\xa0\xb9\xe6\x8b\xa0\xe6\xb3\x95\xe4\xbb\xa4\xe3\x81\xaf\xe4\xbd\x95\xef\xbc\x9f\xe6\x86\xb2\xe6\xb3\x959\xe6\x9d\xa1\xe3\x81\xaf\xe8\x87\xaa\xe8\xa1\x9b\xe9\x9a\x8a\xe3\x82\x92\xe3\x80\x8c\xe6\x9c\xac\xe5\x9c\x9f\xe9\x98\xb2\xe8\xa1\x9b\xe5\xb0\x82\xe7\x94\xa8\xe9\x9a\x8a\xe3\x80\x8d\xe3\x81\xa8\xe5\xae\x9a\xe7\xbe\xa9\xe4\xbb\x98\xe2\x86\x90\xe8\x87\xaa\xe3\x81\x9a\xe3\x81\xa8\xe8\xaa\xbf\xe9\x81\x94\xe3\x81\x99\xe3\x82\x8b\xe6\xad\xa6\xe5\x99\xa8\xe3\x81\xae\xe7\xa8\xae\xe9\xa1\x9e\xe3\x81\xaf\xe9\x99\x90\xe3\x82\x89\xe3\x82\x8c\xe3\x82\x8b\xef\xbc\x88\xe5\x9c\xb0\xe5\xaf\xbe\xe7\xa9\xba\xe3\x83\x9f\xe3\x82\xb5\xe3\x82\xa4\xe3\x83\xabOK,\xe5\x9c\xb0\xe5\xaf\xbe\xe5\x9c\xb0\xe3\x83\x9f\xe3\x82\xb5\xe3\x82\xa4\xe3\x83\xabNG\xef\xbc\x89\nhttps://t.co/KcpsC5Tp5A \xe7\xb1\xb3\xe5\x9b\xbd\xe3\x81\x8b\xe3\x82\x89\xe2\x80\xa6 https://t.co/x5tDd00QpI'",2,2
2019-06-20 12:48:28,"b'\xe7\x8f\xbe\xe8\xa1\x8c\xe4\xba\xba\xe6\x9d\x90\xe6\xb4\xbe\xe9\x81\xa3\xe3\x83\x93\xe3\x82\xb8\xe3\x83\x8d\xe3\x82\xb9\xe3\x83\xa2\xe3\x83\x87\xe3\x83\xab\xe3\x81\xa7\xe3\x81\xaf\xe3\x83\x88\xe3\x83\xaa\xe3\x83\x97\xe3\x83\xab\xe6\x86\xb2\xe6\xb3\x95\xe9\x81\x95\xe5\x8f\x8dhttps://t.co/fAPWeK0dLj \xe6\xb4\xbe\xe9\x81\xa3\xe4\xba\x8b\xe6\xa5\xad\xe8\x80\x85\xe6\x95\xb0\xef\xbc\x88\xe7\xb1\xb3\xe5\x9b\xbd,\xe8\x8b\xb1\xe5\x9b\xbd\xef\xbc\x88\xe8\x87\xaa\xe5\x9b\xbd\xe6\x86\xb2\xe6\xb3\x95\xe3\x81\xab\xe6\x97\xa5\xe6\x9c\xac\xe5\x9b\xbd\xe6\x86\xb2\xe6\xb3\x9527\xe6\x9d\xa1\xe3\x81\xae\xe6\xa7\x98\xe3\x81\xaa\xe6\x9d\xa1\xe9\xa0\x85\xe4\xbf\x9d\xe6\x9c\x89\xe3\x81\x97\xe3\x81\xa6\xe3\x81\xaa\xe3\x81\x84\xef\xbc\x89\xe3\x81\xaf2\xe4\xb8\x87\xe3\x83\xb6\xe6\x89\x80\xe3\x81\xa8,1\xe4\xb8\x877\xe5\x8d\x83\xe3\x83\xb6\xe6\x89\x80\xe3\x80\x80\xe6\x97\xa5\xe6\x9c\xac\xef\xbc\x88\xe6\x86\xb2\xe6\xb3\x9527\xe6\x9d\xa1\xe4\xbf\x9d\xe6\x9c\x89\xef\xbc\x898\xe4\xb8\x874\xe5\x8d\x83\xe3\x83\xb6\xe2\x80\xa6 https://t.co/C63rhJ9UhI'",0,0
2019-06-20 12:41:44,b'\xe6\x86\xb2\xe6\xb3\x95\xe3\x81\xa7\xe4\xbf\x9d\xe9\x9a\x9c\xe3\x81\x95\xe3\x82\x8c\xe3\x81\x9f\xe6\xa8\xa9\xe5\x88\xa9\xe2\x86\x92\xe6\x97\xa5\xe6\x9c\xac\xe3\x81\xa7\xe3\x81\xaf\xe3\x80\x81\xe8\x81\xb7\xe5\xa0\xb4\xe3\x81\xa7\xe3\x81\xae\xe3\x80\x80\xef\xbc\x83\xe5\xb7\xae\xe5\x88\xa5\xef\xbc\x88\xef\xbc\x83\xe3\x83\x91\xe3\x83\xaf\xe3\x83\x8f\xe3\x83\xa9\xe3\x80\x80\xef\xbc\x83\xe3\x82\xbb\xe3\x82\xaf\xe3\x83\x8f\xe3\x83\xa9\xe3\x80\x80\xe5\xbc\xb7\xe5\x88\xb6\xe9\x80\x80\xe8\x81\xb7\xe5\x88\xb6\xe5\xba\xa6\xe3\x83\xbb\xe7\xb7\x8f\xe5\x90\x88\xe8\x81\xb7\xe5\x88\xb6\xe5\xba\xa6\xe3\x81\xaf\xe3\x80\x81\xe5\xb7\xae\xe5\x88\xa5\xe3\x81\xae\xe4\xb8\x80\xe5\xbd\xa2\xe6\x85\x8b\xe3\x81\xab\xe8\xa9\xb2\xe5\xbd\x93\xef\xbc\x89\xef\xbc\x86 \n\xe5\xad\xa6\xe6\xa0\xa1\xe3\x81\xa7\xe3\x81\xae\xe5\xb7\xae\xe5\x88\xa5\xef\xbc\x88\xef\xbc\x83\xe3\x82\xa4\xe3\x82\xb8\xe3\x83\xa1\xe3\x80\x80\xe3\x82\x82\xe5\xb7\xae\xe5\x88\xa5\xe3\x81\xae\xe4\xb8\x80\xe5\xbd\xa2\xe6\x85\x8b\xef\xbc\x89\xef\xbc\x86 \xe5\xae\xb6\xe5\xba\xad\xe3\x81\xa7\xe3\x81\xae\xe5\xb7\xae\xe5\x88\xa5\xef\xbc\x88\xe5\xae\xb6\xe5\xba\xad\xe5\x86\x85\xe6\x9a\xb4\xe5\x8a\x9b\xe3\x82\x82\xe5\xb7\xae\xe5\x88\xa5\xe3\x81\xae\xe4\xb8\x80\xe5\xbd\xa2\xe6\x85\x8b\xef\xbc\x89\xe3\x82\x92\xe5\xa4\xa7\xe5\xb9\x85\xe3\x81\xab\xe6\xb8\x9b\xe3\x82\x89\xe3\x81\x99\xe3\x81\x93\xe3\x81\xa8\xe2\x80\xa6 https://t.co/6Td08ScQfG',0,0
2019-06-20 12:36:20,b'\xe6\x88\xa6\xe5\xbe\x8c\xe3\x80\x81\xe6\x86\xb2\xe6\xb3\x95https://t.co/XldsvUAGPP\xe3\x81\xab\xe3\x82\x88\xe3\x82\x8a\xe5\xa4\xa9\xe7\x9a\x87\xe3\x81\xae\xe8\x87\xa3\xe6\xb0\x91\xe3\x80\x94\xe5\xa5\xb4\xe9\x9a\xb7\xef\xbc\x89\xe3\x81\x8b\xe3\x82\x89\xe7\xa7\x81\xe9\x81\x94\xe4\xb8\xbb\xe6\xa8\xa9\xe3\x81\xab\xe3\x81\xaa\xe3\x81\xa3\xe3\x81\x9f\xe3\x81\xae\xe3\x81\xab\xe5\xa4\xa7\xe6\x97\xa5\xe6\x9c\xac\xe5\xb8\x9d\xe5\x9b\xbd\xe6\x86\xb2\xe6\xb3\x95\xe4\xb8\x8b\xe3\x81\xab\xe3\x81\x9d\xe3\x81\xa3\xe3\x81\x9f\xe3\x82\xa4\xe3\x82\xb8\xe3\x83\xa1\xe5\x8a\xa9\xe9\x95\xb7\xe7\xa4\xbe\xe4\xbc\x9a\xe3\x82\x92\xe7\xa8\x8e\xe9\x87\x91\xe3\x81\xa7\xe7\xb6\x9a\xe8\xa1\x8c\xe4\xb8\xad\xe3\x80\x82\xe5\x80\x8b\xe4\xba\xba\xe3\x81\xae\xe3\x81\x9b\xe3\x81\x84\xe3\x81\x98\xe3\x82\x83\xe3\x81\xaa\xe3\x81\x84\xe3\x80\x82-&gt;\xe3\x81\x84\xe3\x81\x98\xe3\x82\x81\xe3\x82\x84\xe5\xb7\xae\xe5\x88\xa5\xe3\x81\xaa\xe3\x81\x9c\xe3\x82\x84\xe3\x82\x81\xe3\x82\x89\xe3\x82\x8c\xe3\x81\xaa\xe3\x81\x84\xef\xbc\x9f\xe3\x80\x80\xe9\xa6\x99\xe5\xb1\xb1\xe3\x83\xaa\xe3\x82\xab\xe3\x81\x95\xe3\x82\x93\xe3\x81\x8c\xe6\x8c\x99\xe2\x80\xa6 https://t.co/4Bl5vrPEgE',0,0
2019-06-20 09:07:09,b'RT @soraazure: @LindenMesicku @Day_Swing \xe3\x80\x8e\xe9\x80\xa3\xe9\x82\xa6\xe5\x88\xb6\xe5\xba\xa6\xe3\x81\xa8\xe4\xb8\x89\xe6\xa8\xa9\xe5\x88\x86\xe7\xab\x8b\xe5\x88\xb6\xe5\xba\xa6\xe3\x81\x8c\xe6\x95\xb4\xe5\x82\x99\xe3\x81\x95\xe3\x82\x8c\xe3\x81\x9f\xe7\xb1\xb3\xe5\x9b\xbd\xe3\x81\xa7\xe3\x81\xaf\xe3\x80\x81\xe5\xa4\xa7\xe7\xb5\xb1\xe9\xa0\x98\xe3\x81\xae\xe3\x80\x8c\xe9\x87\x8e\xe5\x85\x9a\xe3\x80\x8d\xe3\x81\xaf\xe8\xa3\x81\xe5\x88\xa4\xe6\x89\x80\xe3\x81\xa7\xe3\x81\x82\xe3\x82\x8a\xe8\xad\xb0\xe4\xbc\x9a\xe3\x81\xa7\xe3\x81\x99\xe3\x80\x82\xe3\x80\x8f\xe3\x81\xa8\xe3\x81\x84\xe3\x81\x86\xe4\xbd\x8d\xe7\xbd\xae\xe4\xbb\x98\xe3\x81\x91\xe3\x81\xa7\xe3\x81\x99\xe3\x80\x82 \xe3\x81\x8c\xe3\x80\x81\xe6\x97\xa5\xe6\x9c\xac\xe6\x94\xbf\xe5\xba\x9c\xe3\x81\xaf\xe4\xba\x8c\xe5\x88\x86\xe5\x89\xb2\xef\xbc\x88\xe9\x80\xa3\xe9\x82\xa6\xe6\x94\xbf\xe5\xba\x9c\xe3\x81\xa8\xe5\x9c\xb0\xe6\x96\xb9\xe8\x87\xaa\xe6\xb2\xbb\xe6\x94\xbf\xe5\xba\x9c\xef\xbc\x89\xe3\x82\x92\xe5\x85\x8d\xe3\x82\x8c\xe3\x81\x9f\xe5\x9b\xbd\xe5\xae\xb6\xe6\x94\xbf\xe5\xba\x9c\xe3\x80\x81\xe4\xb8\x94\xe3\x81\xa4\xe3\x80\x8c\xe4\xb8\x89\xe6\xa8\xa9\xe5\x88\x86\xe7\xab\x8b\xef\xbc\x88\xe5\x86\x85\xe9\x96\xa3\xe3\x83\xbb\xe2\x80\xa6',0,1
2019-06-19 22:38:42,b'@LindenMesicku @Day_Swing \xe3\x80\x8e\xe9\x80\xa3\xe9\x82\xa6\xe5\x88\xb6\xe5\xba\xa6\xe3\x81\xa8\xe4\xb8\x89\xe6\xa8\xa9\xe5\x88\x86\xe7\xab\x8b\xe5\x88\xb6\xe5\xba\xa6\xe3\x81\x8c\xe6\x95\xb4\xe5\x82\x99\xe3\x81\x95\xe3\x82\x8c\xe3\x81\x9f\xe7\xb1\xb3\xe5\x9b\xbd\xe3\x81\xa7\xe3\x81\xaf\xe3\x80\x81\xe5\xa4\xa7\xe7\xb5\xb1\xe9\xa0\x98\xe3\x81\xae\xe3\x80\x8c\xe9\x87\x8e\xe5\x85\x9a\xe3\x80\x8d\xe3\x81\xaf\xe8\xa3\x81\xe5\x88\xa4\xe6\x89\x80\xe3\x81\xa7\xe3\x81\x82\xe3\x82\x8a\xe8\xad\xb0\xe4\xbc\x9a\xe3\x81\xa7\xe3\x81\x99\xe3\x80\x82\xe3\x80\x8f\xe3\x81\xa8\xe3\x81\x84\xe3\x81\x86\xe4\xbd\x8d\xe7\xbd\xae\xe4\xbb\x98\xe3\x81\x91\xe3\x81\xa7\xe3\x81\x99\xe3\x80\x82 \xe3\x81\x8c\xe3\x80\x81\xe6\x97\xa5\xe6\x9c\xac\xe6\x94\xbf\xe5\xba\x9c\xe3\x81\xaf\xe4\xba\x8c\xe5\x88\x86\xe5\x89\xb2\xef\xbc\x88\xe9\x80\xa3\xe9\x82\xa6\xe6\x94\xbf\xe5\xba\x9c\xe3\x81\xa8\xe5\x9c\xb0\xe6\x96\xb9\xe8\x87\xaa\xe6\xb2\xbb\xe6\x94\xbf\xe5\xba\x9c\xef\xbc\x89\xe3\x82\x92\xe5\x85\x8d\xe3\x82\x8c\xe3\x81\x9f\xe5\x9b\xbd\xe5\xae\xb6\xe6\x94\xbf\xe5\xba\x9c\xe3\x80\x81\xe4\xb8\x94\xe3\x81\xa4\xe2\x80\xa6 https://t.co/AouZi0LgDl',1,1
2019-06-19 22:34:49,b'RT @Day_Swing: \xe8\x8b\xb1\xe6\x96\x87\xe6\x86\xb2\xe6\xb3\x95\xe7\xac\xac\xe5\x85\xab\xe7\xab\xa0\xe3\x82\xbf\xe3\x82\xa4\xe3\x83\x88\xe3\x83\xab\xef\xbc\x9a\xe3\x80\x8cLOCAL SELF-GOVERNMENT\xe3\x80\x8d\xe3\x80\x82\n\n\xe5\x8d\xb3\xe3\x81\xa1\xe3\x80\x8c\xe5\x9c\xb0\xe6\x96\xb9\xe8\x87\xaa\xe6\xb2\xbb\xe6\x94\xbf\xe5\xba\x9c\xe3\x80\x8d\xe3\x81\xa8\xe3\x81\xaa\xe3\x81\xa3\xe3\x81\xa6\xe3\x81\x84\xe3\x82\x8b\xe7\x90\x86\xe7\x94\xb1\xef\xbc\x9b\n\n\xe5\x9c\xb0\xe6\x96\xb9\xe8\x87\xaa\xe6\xb2\xbb\xe6\x94\xbf\xe5\xba\x9c\xe3\x81\x8c\xe6\xb3\x95\xe5\xbe\x8b\xe3\x82\x92\xe4\xbd\x9c\xe6\x88\x90\xe3\x81\xa7\xe3\x81\x8d\xe3\x82\x8b\xe8\xad\xb0\xe4\xbc\x9a\xe5\x88\xb6\xe5\xba\xa6\xe3\x81\xa8\xe4\xb8\x89\xe5\xaf\xa9\xe8\xa3\x81\xe5\x88\xa4\xe5\x88\xb6\xe5\xba\xa6\xe3\x82\x92\xe4\xbf\x9d\xe6\x8c\x81\xe5\x87\xba\xe6\x9d\xa5\xe3\x82\x8b\xe6\xa7\x98\xe3\x81\xab\xe3\x81\x99\xe3\x82\x8b\xe7\x82\xba\xe3\x80\x82\n\n\xe3\x81\x8c\xe3\x80\x81\xe3\x81\x9d\xe3\x81\x86\xe3\x81\xaa\xe3\x82\x8b\xe3\x81\xa8\xe4\xb8\xad\xe5\xa4\xae\xe9\x9b\x86\xe6\xa8\xa9\xe4\xbd\x93\xe5\x88\xb6\xe3\x81\x8c\xe5\xb4\xa9\xe5\xa3\x8a\xe3\x81\x97\xe3\x81\xa6\xe3\x81\x97\xe3\x81\xbe\xe3\x81\x84\xe5\xa4\xa7\xe6\x97\xa5\xe6\x9c\xac\xe5\xb8\x9d\xe2\x80\xa6',0,1
2019-06-19 22:34:37,b'RT @soraazure: @Day_Swing \xe3\x82\xad\xe3\x83\xa5\xe3\x83\xbc\xe3\x83\x90\xe5\x8d\xb1\xe6\xa9\x9f\xe6\xb2\x96\xe7\xb8\x84\xe6\x94\xbb\xe6\x92\x83\xe3\x80\x81\xe7\xb1\xb3\xe8\xa3\xbd\xe3\x82\xbd\xe3\x83\x95\xe3\x83\x88\xe3\x81\xa7\xe6\x97\xa5\xe6\x9c\xac\xe5\x88\x97\xe5\xb3\xb6\xe6\xa8\x99\xe7\x9a\x84\xe3\x80\x80@Day_Swing\xe9\x99\xb8\xe4\xb8\x8a\xe3\x82\xa4\xe3\x83\xbc\xe3\x82\xb8\xe3\x82\xb9\xe5\x9f\xba\xe5\x9c\xb0\xe5\x95\x8f\xe9\xa1\x8c\xe3\x81\xa8\xe3\x81\xaf\xef\xbc\x9a2\xe5\x9f\xba\xe3\x81\xae\xe9\x99\xb8\xe4\xb8\x8a\xe3\x82\xa4\xe3\x83\xbc\xe3\x82\xb8\xe3\x82\xb9\xe3\x81\x8c\xe6\xb5\xb7\xe4\xb8\x8a\xe3\x82\xa4\xe3\x83\xbc\xe3\x82\xb8\xe3\x82\xb9\xe8\x89\xa6\xe3\x81\xa8\xe3\x82\xad\xe3\x83\xa3\xe3\x83\x81\xe3\x83\x9c\xe3\x83\xbc\xe3\x83\xab\xe3\x81\x97\xe3\x82\xa2\xe3\x83\xa9\xe3\x82\xb9\xe3\x82\xab\xe3\x81\xa8\xe3\x82\xab\xe3\x83\xaa\xe3\x83\x95\xe3\x82\xa9\xe3\x83\xab\xe3\x83\x8b\xe3\x82\xa2\xe3\x81\xab\xe5\x9c\xa8\xe3\x82\x8b\xe5\x8f\xb8\xe4\xbb\xa4\xe5\xa1\x94\xe3\x81\xa8\xe9\x80\xa3\xe7\xb5\xa1\xe3\x82\x92\xe5\xaf\x86\xe3\x81\xab\xe3\x81\x97\xe3\x81\xaa\xe3\x81\x8c\xe3\x82\x89\xe3\x83\xad\xe3\x82\xb7\xe3\x82\xa2\xe3\x81\xae\xe8\xbb\x8d\xe4\xba\x8b\xe6\x8a\x91\xe6\xad\xa2\xe5\x8a\x9b\xe3\x82\x92\xe5\xa4\xa7\xe5\xb9\x85\xe3\x81\xab\xe2\x80\xa6',0,1
2019-06-19 22:34:24,b'RT @Day_Swing: \xe5\x9b\xbd\xe4\xbc\x9a\xe3\x81\xa7\xe4\xbd\x9c\xe6\x88\x90\xe3\x81\x95\xe3\x82\x8c\xe3\x81\x9f\xe6\xb3\x95\xef\xbc\x88\xe6\xb3\x95\xe5\xbe\x8b\xef\xbc\x89\xef\xbc\x9e\xe5\x9c\xb0\xe6\x96\xb9\xe8\xad\xb0\xe4\xbc\x9a\xe3\x81\xa7\xe4\xbd\x9c\xe6\x88\x90\xe3\x81\x95\xe3\x82\x8c\xe3\x81\x9f\xe6\xb3\x95\xef\xbc\x88\xe6\x9d\xa1\xe4\xbe\x8b\xef\xbc\x89\xe3\x81\xa8\xe3\x81\x84\xe3\x81\x86\xe4\xb8\xbb\xe6\xa8\xa9\xe8\x80\x85\xe5\xb8\x82\xe6\xb0\x91\xe3\x82\x92\xe5\xb7\xae\xe5\x88\xa5\xe3\x81\x99\xe3\x82\x8b\xe4\xba\x8b\xe3\x81\xab\xe3\x81\xaa\xe3\x82\x8a\xe3\x80\x81\n\n\xe5\xb7\xae\xe5\x88\xa5\xe7\xa6\x81\xe6\xad\xa2\xe6\x9d\xa1\xe9\xa0\x85\xef\xbc\x88\xe8\x8b\xb1\xe6\x96\x87\xe6\x86\xb2\xe6\xb3\x9514\xe6\x9d\xa11\xe9\xa0\x85\xef\xbc\x89\xe3\x81\xab\xe9\x81\x95\xe5\x8f\x8d\xe3\x81\x99\xe3\x82\x8b\xe5\xb7\xae\xe5\x88\xa5\xe4\xbd\x8d\xe7\xbd\xae\xe4\xbb\x98\xe3\x81\x91\xe3\x81\xa8\xe3\x81\xaa\xe3\x82\x8a\xe3\x81\xbe\xe3\x81\x99\xe3\x80\x82\n\n\xe3\x81\xaa\xe3\x81\x9c\xe3\x81\xaa\xe3\x82\x89\xe3\x80\x81\xe5\x9b\xbd\xe4\xbc\x9a\xe8\xad\xb0\xe5\x93\xa1\xe3\x82\x82\xe4\xb8\xbb\xe6\xa8\xa9\xe8\x80\x85\xe5\xb8\x82\xe6\xb0\x91\xe3\x81\xae\xe4\xbb\xa3\xe8\xa1\xa8\xe8\x80\x85\xe3\x81\xa7\xe3\x81\x99\xe3\x81\x8c\xe3\x80\x81\xe5\x9c\xb0\xe6\x96\xb9\xe8\xad\xb0\xe5\x93\xa1\xe3\x82\x82\xe4\xb8\xbb\xe6\xa8\xa9\xe8\x80\x85\xe5\xb8\x82\xe6\xb0\x91\xe3\x81\xae\xe4\xbb\xa3\xe8\xa1\xa8\xe8\x80\x85\xe3\x81\xa0\xe3\x81\x8b\xe2\x80\xa6',0,2
2019-06-19 22:30:59,b'\xe6\xad\xb4\xe4\xbb\xa3\xe3\x81\xae\xe6\x9d\xb1\xe4\xba\xac\xe9\x83\xbd\xe7\x9f\xa5\xe4\xba\x8b\xe3\x81\x8c\xe3\x80\x8c\xe7\xb4\x8d\xe7\xa8\x8e\xe5\x85\x88\xe8\x87\xaa\xe5\x8b\x95\xe5\xa4\x89\xe6\x9b\xb4 #\xe3\x82\xaa\xe3\x83\xac\xe3\x82\xaa\xe3\x83\xac\xe8\xa9\x90\xe6\xac\xba\xe3\x80\x8d\xe3\x81\xae\xe9\xa6\x96\xe8\xac\x80\xe8\x80\x85\xe3\x81\xa0\xe3\x81\xa3\xe3\x81\x9f\xe3\x81\xa8\xe3\x81\x84\xe3\x81\x86\xe9\xa9\x9a\xe6\x84\x95\xe3\x81\xae\xe4\xba\x8b\xe5\xae\x9f\xe3\x81\xa7\xe3\x81\x99\xe3\x80\x82\xe3\x81\xaa\xe3\x81\x9c\xe3\x81\xaa\xe3\x82\x89\xe3\x80\x8123\xe5\x8c\xba\xe6\xb0\x91\xe3\x81\x8c\xe7\xb4\x8d\xe3\x82\x81\xe3\x81\x9f\xe5\x9b\xba\xe5\xae\x9a\xe8\xb3\x87\xe7\x94\xa3\xe7\xa8\x8e\xe3\x81\xa8\xe6\xb3\x95\xe4\xba\xba\xe4\xbd\x8f\xe6\xb0\x91\xe7\xa8\x8e\xe3\x81\xae\xe7\xb4\x8d\xe7\xa8\x8e\xe5\x85\x88\xe3\x81\x8c\xe8\x87\xaa\xe5\x8b\x95\xe7\x9a\x84\xe3\x81\xab\xe5\xa4\x89\xe6\x9b\xb4\xe3\x81\x95\xe3\x82\x8c\xe3\x81\xa6\xe3\x80\x81\xe3\x83\x8a\xe3\x83\xb3\xe3\x83\x88\xe3\x80\x8c\xe6\x9d\xb1\xe4\xba\xac\xe9\x83\xbd\xe3\x80\x8d\xe3\x81\xab\xe7\xb4\x8d\xe5\x85\xa5\xe3\x81\x95\xe3\x82\x8c\xe3\x81\xa6\xe3\x81\x97\xe3\x81\xbe\xe3\x81\xa3\xe3\x81\xa6\xe3\x81\x84\xe3\x82\x8b\xe7\x8a\xb6\xe6\x85\x8b\xe3\x81\x8c\xe3\x80\x81\xe3\x83\x8a\xe3\x83\xb3\xe3\x83\x88\xe3\x80\x8170\xe5\xb9\xb4\xe4\xbb\xa5\xe2\x80\xa6 https://t.co/S0C1FOKjxV',0,0
2019-06-19 22:22:20,b'12\xe6\xad\xb3\xe9\x95\xb7\xe5\xa5\xb3\xe3\x81\xab\xe6\x80\xa7\xe7\x9a\x84\xe6\x9a\xb4\xe8\xa1\x8c \xe7\x84\xa1\xe7\xbd\xaa\xe5\x88\xa4\xe6\xb1\xbahttps://t.co/YX1bI0n1VB  \n\xe5\xa4\xa7\xe6\x97\xa5\xe6\x9c\xac\xe5\xb8\x9d\xe5\x9b\xbd\xe6\x86\xb2\xe6\xb3\x95\xe4\xb8\x8b\xe3\x81\xab\xe5\x9c\xa8\xe3\x82\x8b\xe6\x97\xa5\xe6\x9c\xac\xe3\x81\xa7\xe3\x81\xaf\xe7\x97\xb4\xe6\xbc\xa2\xe3\x81\xaf\xe7\x8a\xaf\xe7\xbd\xaa\xe3\x81\xa7\xe3\x81\x99\xe3\x81\x8c\xe3\x80\x81\xe3\x83\xac\xe3\x82\xa4\xe3\x83\x97\xe3\x81\xaf\xe5\x90\x88\xe6\x86\xb2\xe3\x81\xa8\xe3\x81\xaa\xe3\x82\x8b\xe5\xa0\xb4\xe5\x90\x88\xe3\x81\x8c\xe3\x81\x82\xe3\x82\x8a\xe3\x81\xbe\xe3\x81\x99\xe2\x86\x90\xe7\x90\x86\xe7\x94\xb1\xef\xbc\x9a\xe5\xa4\xa7\xe6\x97\xa5\xe6\x9c\xac\xe5\xb8\x9d\xe5\x9b\xbd\xe6\x86\xb2\xe6\xb3\x95\xe3\x81\xa8\xe6\x95\xb4\xe5\x90\x88\xe6\x80\xa7\xe3\x81\x8c\xe5\x8f\x96\xe3\x82\x8c\xe3\x82\x8b\xe5\x88\x91\xe6\xb3\x95\xef\xbc\x88\xe5\xa5\xb3\xe6\x80\xa7\xe3\x81\xae\xe5\x90\x8c\xe6\x84\x8f\xe3\x81\x8c\xe7\x84\xa1\xe3\x81\x8f\xe3\x81\xa6\xe3\x82\x82\xe3\x80\x81\xe2\x80\xa6 https://t.co/XyOnccqGPe',0,0
2019-06-19 15:12:07,b'\xe4\xba\xba\xe6\xa8\xa9\xe6\x84\x8f\xe8\xad\x98\xe3\x82\x82\xe4\xb8\x89\xe6\xa8\xa9\xe5\x88\x86\xe7\xab\x8b\xe3\x81\xae\xe6\x84\x8f\xe8\xad\x98\xe7\x84\xa1\xe3\x81\x97\xe5\xa4\xa7\xe6\x97\xa5\xe6\x9c\xac\xe5\xb8\x9d\xe5\x9b\xbd\xe6\x86\xb2\xe6\xb3\x95\xe4\xb8\x8b\xe3\x81\xae\xe6\x97\xa5\xe6\x9c\xac\xe3\x81\xa0\xe3\x81\xa8\xe6\x80\x9d\xe3\x81\x86\xe2\x86\x92\xe6\x97\xa5\xe6\x9c\xac\xe3\x81\x8c\xe5\xbe\x93\xe8\xbb\x8d\xe6\x85\xb0\xe5\xae\x89\xe5\xa9\xa6\xe5\x95\x8f\xe9\xa1\x8c\xe3\x81\xae\xe7\x9c\x9f\xe5\x81\xbd\xe3\x82\x92\xe8\xa6\x8b\xe5\x88\x86\xe3\x81\x91\xe3\x82\x8b\xe4\xba\x8b\xe3\x82\x92\xe6\x8b\x92\xe5\x90\xa6\xe7\xb6\x9a\xe3\x81\x91\xe3\x82\x8b\xe7\x90\x86\xe7\x94\xb1\xe3\x80\x8c\xe6\x97\xa5\xe6\x9c\xac\xe3\x81\xa7\xe3\x81\xaf\xe5\x88\x91\xe6\xb3\x95\xe3\x81\x8c\xe6\x9c\xaa\xe3\x81\xa0\xe3\x81\xab\xe5\x90\x88\xe6\xb3\x95\xe3\x83\xac\xe3\x82\xa4\xe3\x83\x97\xe3\x82\x92\xe5\x85\xac\xe8\xaa\x8d\xe3\x81\x97\xe3\x81\xa6\xe3\x81\x84\xe3\x82\x8b\xe3\x80\x8d\xe3\x81\x8b\xe3\x82\x89.\xe4\xbb\x8a\xe3\x82\x82\xe5\xa4\xa7\xe6\x97\xa5\xe6\x9c\xac\xe5\xb8\x9d\xe5\x9b\xbd\xe6\x86\xb2\xe6\xb3\x95\xe4\xb8\x8b\xe3\x81\xab\xe3\x81\x82\xe3\x82\x8b\xe6\x97\xa5\xe6\x9c\xac\xe3\x81\xae\xe5\xa5\xb3\xe6\x80\xa7\xe3\x82\x92\xe5\xa0\x82\xe3\x80\x85\xe3\x81\xa8\xe5\x90\x88\xe6\xb3\x95\xe3\x83\xac\xe3\x82\xa4\xe3\x83\x97\xe3\x81\xa7\xe3\x81\x8d\xe3\x82\x8b\xe3\x81\xae\xe2\x80\xa6 https://t.co/ClalphPiH5',0,0
2019-06-21 14:49:50,b'RT @ArtofWarm: This is the Glass Window Bridge in Eleuthera. 30 feet of rock separate the calm shallow lagoon-like waters of the Bight of E\xe2\x80\xa6',0,1
2019-06-21 14:49:48,"b'RT @feesfusions: Fused Red Pendant - Pot Melt Pendant - Red Glass Jewelry - Marble Effect - Measures  1.25"" x 1.50"" https://t.co/qxb0Jw5ee9\xe2\x80\xa6'",0,34
2019-06-21 14:49:48,"b""RT @myLondis: It's #WinItWednesday! What's better than chilling with a glass of wine in the sun?! \xf0\x9f\x8c\x9e\n\nFor your chance to #WIN a case of Lind\xe2\x80\xa6""",0,1625
2019-06-21 14:49:47,b'@PattesonsGroup #beer #bottle #glass #betteringlass',0,0
2019-06-21 14:49:47,"b'RT @drrjkavanagh: A guard at Cuyahoga County jail placed Chantelle Glass in a restraint chair, punched her, then pepper sprayed her inches\xe2\x80\xa6'",0,2456
2019-06-21 14:49:45,"b""@realDonaldTrump Again:\n\nThrowing stones in a glass house, Donnie. It's called 'karma'. Try having one of your lack\xe2\x80\xa6 https://t.co/ZI8O4XydTx""",0,0
2019-06-21 14:49:45,"b""#poetry #shuffle \nI play songs on my iPhone on Shuffle. Shuffling brings up T. S. Eliot's reading of his great poem\xe2\x80\xa6 https://t.co/o46LLcNOej""",0,0
2019-06-21 14:49:41,b'\xe3\x81\x8d\xe3\x82\x83\xe3\x81\x8d\xe3\x82\x83\xe3\x81\x8d\xe3\x82\x83\xe3\x82\x8f\xe3\x80\x9c\xe3\x80\x9c\xef\xbc\x81\xef\xbc\x81\xef\xbc\x81\xef\xbc\x81\xef\xbc\x81\xe5\xa4\xa9\xe6\x89\x8d\xef\xbc\x81\xef\xbc\x81\xef\xbc\x81\xef\xbc\x81\xef\xbc\x81\xef\xbc\x81 https://t.co/oV6ZHXzQRj',0,0
2019-06-21 14:49:40,b'Here are a few more #NIPD2019 #NIPDCanada #nipd titles for today and everyday https://t.co/AfhljaQ3E1 including\xe2\x80\xa6 https://t.co/hp8u93MbLN',0,0
2019-06-21 14:49:38,b'RT @drdique: Why are birds TVs in their rooms always heavy shite n small needty turn up to the gaff wae a magnifying glass to sit n watch l\xe2\x80\xa6',0,599
2019-06-21 14:49:38,b'RT @lottelydia: A collapsible truncheon! An inflatable landmine! A tiny miniature tank that expands to regular size when dropped into a gla\xe2\x80\xa6',0,210
2019-06-21 14:49:36,"b'RT @mrsg_mchs: \xe2\x80\x9cBut for Native people in this country, all over the Americas, it has been developed over, buried ancestral land, glass and\xe2\x80\xa6'",0,1
2019-06-21 14:49:36,"b""@psi_666980 I was there watching her very closely the whole time, if she slipped even a little bit I would've rescu\xe2\x80\xa6 https://t.co/oT0hoZeXEh""",0,0
2019-06-21 13:57:02,b'Hoping the rain we\xe2\x80\x99re getting in Calgary is traveling south to those who need it. | Drought forces producers to sel\xe2\x80\xa6 https://t.co/HX2ROQSxNL',0,0
2019-06-21 10:28:37,"b'RT @soraazure: @hiroshimilano \xe6\xb1\xba\xe5\xae\x9a\xe3\x81\xae\xe6\xa0\xb9\xe6\x8b\xa0\xe6\xb3\x95\xe4\xbb\xa4\xe3\x81\xaf\xe4\xbd\x95\xef\xbc\x9f\xe6\x86\xb2\xe6\xb3\x959\xe6\x9d\xa1\xe3\x81\xaf\xe8\x87\xaa\xe8\xa1\x9b\xe9\x9a\x8a\xe3\x82\x92\xe3\x80\x8c\xe6\x9c\xac\xe5\x9c\x9f\xe9\x98\xb2\xe8\xa1\x9b\xe5\xb0\x82\xe7\x94\xa8\xe9\x9a\x8a\xe3\x80\x8d\xe3\x81\xa8\xe5\xae\x9a\xe7\xbe\xa9\xe4\xbb\x98\xe2\x86\x90\xe8\x87\xaa\xe3\x81\x9a\xe3\x81\xa8\xe8\xaa\xbf\xe9\x81\x94\xe3\x81\x99\xe3\x82\x8b\xe6\xad\xa6\xe5\x99\xa8\xe3\x81\xae\xe7\xa8\xae\xe9\xa1\x9e\xe3\x81\xaf\xe9\x99\x90\xe3\x82\x89\xe3\x82\x8c\xe3\x82\x8b\xef\xbc\x88\xe5\x9c\xb0\xe5\xaf\xbe\xe7\xa9\xba\xe3\x83\x9f\xe3\x82\xb5\xe3\x82\xa4\xe3\x83\xabOK,\xe5\x9c\xb0\xe5\xaf\xbe\xe5\x9c\xb0\xe3\x83\x9f\xe3\x82\xb5\xe3\x82\xa4\xe3\x83\xabNG\xef\xbc\x89\nhttps://t.co/KcpsC5Tp5A \xe7\xb1\xb3\xe5\x9b\xbd\xe3\x81\x8b\xe3\x82\x89\xe3\x81\xb0\xe3\x82\x89\xe3\x81\x95\xe3\x82\x8c\xe3\x81\xa6\xe5\x88\x9d\xe3\x82\x81\xe3\x81\xa6\xe7\x9f\xa5\xe2\x80\xa6'",0,2
2019-06-21 04:06:32,"b'RT @soraazure: @hiroshimilano \xe6\xb1\xba\xe5\xae\x9a\xe3\x81\xae\xe6\xa0\xb9\xe6\x8b\xa0\xe6\xb3\x95\xe4\xbb\xa4\xe3\x81\xaf\xe4\xbd\x95\xef\xbc\x9f\xe6\x86\xb2\xe6\xb3\x959\xe6\x9d\xa1\xe3\x81\xaf\xe8\x87\xaa\xe8\xa1\x9b\xe9\x9a\x8a\xe3\x82\x92\xe3\x80\x8c\xe6\x9c\xac\xe5\x9c\x9f\xe9\x98\xb2\xe8\xa1\x9b\xe5\xb0\x82\xe7\x94\xa8\xe9\x9a\x8a\xe3\x80\x8d\xe3\x81\xa8\xe5\xae\x9a\xe7\xbe\xa9\xe4\xbb\x98\xe2\x86\x90\xe8\x87\xaa\xe3\x81\x9a\xe3\x81\xa8\xe8\xaa\xbf\xe9\x81\x94\xe3\x81\x99\xe3\x82\x8b\xe6\xad\xa6\xe5\x99\xa8\xe3\x81\xae\xe7\xa8\xae\xe9\xa1\x9e\xe3\x81\xaf\xe9\x99\x90\xe3\x82\x89\xe3\x82\x8c\xe3\x82\x8b\xef\xbc\x88\xe5\x9c\xb0\xe5\xaf\xbe\xe7\xa9\xba\xe3\x83\x9f\xe3\x82\xb5\xe3\x82\xa4\xe3\x83\xabOK,\xe5\x9c\xb0\xe5\xaf\xbe\xe5\x9c\xb0\xe3\x83\x9f\xe3\x82\xb5\xe3\x82\xa4\xe3\x83\xabNG\xef\xbc\x89\nhttps://t.co/KcpsC5Tp5A \xe7\xb1\xb3\xe5\x9b\xbd\xe3\x81\x8b\xe3\x82\x89\xe3\x81\xb0\xe3\x82\x89\xe3\x81\x95\xe3\x82\x8c\xe3\x81\xa6\xe5\x88\x9d\xe3\x82\x81\xe3\x81\xa6\xe7\x9f\xa5\xe2\x80\xa6'",0,2
2019-06-20 22:33:00,"b'@hiroshimilano \xe6\xb1\xba\xe5\xae\x9a\xe3\x81\xae\xe6\xa0\xb9\xe6\x8b\xa0\xe6\xb3\x95\xe4\xbb\xa4\xe3\x81\xaf\xe4\xbd\x95\xef\xbc\x9f\xe6\x86\xb2\xe6\xb3\x959\xe6\x9d\xa1\xe3\x81\xaf\xe8\x87\xaa\xe8\xa1\x9b\xe9\x9a\x8a\xe3\x82\x92\xe3\x80\x8c\xe6\x9c\xac\xe5\x9c\x9f\xe9\x98\xb2\xe8\xa1\x9b\xe5\xb0\x82\xe7\x94\xa8\xe9\x9a\x8a\xe3\x80\x8d\xe3\x81\xa8\xe5\xae\x9a\xe7\xbe\xa9\xe4\xbb\x98\xe2\x86\x90\xe8\x87\xaa\xe3\x81\x9a\xe3\x81\xa8\xe8\xaa\xbf\xe9\x81\x94\xe3\x81\x99\xe3\x82\x8b\xe6\xad\xa6\xe5\x99\xa8\xe3\x81\xae\xe7\xa8\xae\xe9\xa1\x9e\xe3\x81\xaf\xe9\x99\x90\xe3\x82\x89\xe3\x82\x8c\xe3\x82\x8b\xef\xbc\x88\xe5\x9c\xb0\xe5\xaf\xbe\xe7\xa9\xba\xe3\x83\x9f\xe3\x82\xb5\xe3\x82\xa4\xe3\x83\xabOK,\xe5\x9c\xb0\xe5\xaf\xbe\xe5\x9c\xb0\xe3\x83\x9f\xe3\x82\xb5\xe3\x82\xa4\xe3\x83\xabNG\xef\xbc\x89\nhttps://t.co/KcpsC5Tp5A \xe7\xb1\xb3\xe5\x9b\xbd\xe3\x81\x8b\xe3\x82\x89\xe2\x80\xa6 https://t.co/x5tDd00QpI'",2,2
2019-06-20 12:48:28,"b'\xe7\x8f\xbe\xe8\xa1\x8c\xe4\xba\xba\xe6\x9d\x90\xe6\xb4\xbe\xe9\x81\xa3\xe3\x83\x93\xe3\x82\xb8\xe3\x83\x8d\xe3\x82\xb9\xe3\x83\xa2\xe3\x83\x87\xe3\x83\xab\xe3\x81\xa7\xe3\x81\xaf\xe3\x83\x88\xe3\x83\xaa\xe3\x83\x97\xe3\x83\xab\xe6\x86\xb2\xe6\xb3\x95\xe9\x81\x95\xe5\x8f\x8dhttps://t.co/fAPWeK0dLj \xe6\xb4\xbe\xe9\x81\xa3\xe4\xba\x8b\xe6\xa5\xad\xe8\x80\x85\xe6\x95\xb0\xef\xbc\x88\xe7\xb1\xb3\xe5\x9b\xbd,\xe8\x8b\xb1\xe5\x9b\xbd\xef\xbc\x88\xe8\x87\xaa\xe5\x9b\xbd\xe6\x86\xb2\xe6\xb3\x95\xe3\x81\xab\xe6\x97\xa5\xe6\x9c\xac\xe5\x9b\xbd\xe6\x86\xb2\xe6\xb3\x9527\xe6\x9d\xa1\xe3\x81\xae\xe6\xa7\x98\xe3\x81\xaa\xe6\x9d\xa1\xe9\xa0\x85\xe4\xbf\x9d\xe6\x9c\x89\xe3\x81\x97\xe3\x81\xa6\xe3\x81\xaa\xe3\x81\x84\xef\xbc\x89\xe3\x81\xaf2\xe4\xb8\x87\xe3\x83\xb6\xe6\x89\x80\xe3\x81\xa8,1\xe4\xb8\x877\xe5\x8d\x83\xe3\x83\xb6\xe6\x89\x80\xe3\x80\x80\xe6\x97\xa5\xe6\x9c\xac\xef\xbc\x88\xe6\x86\xb2\xe6\xb3\x9527\xe6\x9d\xa1\xe4\xbf\x9d\xe6\x9c\x89\xef\xbc\x898\xe4\xb8\x874\xe5\x8d\x83\xe3\x83\xb6\xe2\x80\xa6 https://t.co/C63rhJ9UhI'",0,0
2019-06-20 12:41:44,b'\xe6\x86\xb2\xe6\xb3\x95\xe3\x81\xa7\xe4\xbf\x9d\xe9\x9a\x9c\xe3\x81\x95\xe3\x82\x8c\xe3\x81\x9f\xe6\xa8\xa9\xe5\x88\xa9\xe2\x86\x92\xe6\x97\xa5\xe6\x9c\xac\xe3\x81\xa7\xe3\x81\xaf\xe3\x80\x81\xe8\x81\xb7\xe5\xa0\xb4\xe3\x81\xa7\xe3\x81\xae\xe3\x80\x80\xef\xbc\x83\xe5\xb7\xae\xe5\x88\xa5\xef\xbc\x88\xef\xbc\x83\xe3\x83\x91\xe3\x83\xaf\xe3\x83\x8f\xe3\x83\xa9\xe3\x80\x80\xef\xbc\x83\xe3\x82\xbb\xe3\x82\xaf\xe3\x83\x8f\xe3\x83\xa9\xe3\x80\x80\xe5\xbc\xb7\xe5\x88\xb6\xe9\x80\x80\xe8\x81\xb7\xe5\x88\xb6\xe5\xba\xa6\xe3\x83\xbb\xe7\xb7\x8f\xe5\x90\x88\xe8\x81\xb7\xe5\x88\xb6\xe5\xba\xa6\xe3\x81\xaf\xe3\x80\x81\xe5\xb7\xae\xe5\x88\xa5\xe3\x81\xae\xe4\xb8\x80\xe5\xbd\xa2\xe6\x85\x8b\xe3\x81\xab\xe8\xa9\xb2\xe5\xbd\x93\xef\xbc\x89\xef\xbc\x86 \n\xe5\xad\xa6\xe6\xa0\xa1\xe3\x81\xa7\xe3\x81\xae\xe5\xb7\xae\xe5\x88\xa5\xef\xbc\x88\xef\xbc\x83\xe3\x82\xa4\xe3\x82\xb8\xe3\x83\xa1\xe3\x80\x80\xe3\x82\x82\xe5\xb7\xae\xe5\x88\xa5\xe3\x81\xae\xe4\xb8\x80\xe5\xbd\xa2\xe6\x85\x8b\xef\xbc\x89\xef\xbc\x86 \xe5\xae\xb6\xe5\xba\xad\xe3\x81\xa7\xe3\x81\xae\xe5\xb7\xae\xe5\x88\xa5\xef\xbc\x88\xe5\xae\xb6\xe5\xba\xad\xe5\x86\x85\xe6\x9a\xb4\xe5\x8a\x9b\xe3\x82\x82\xe5\xb7\xae\xe5\x88\xa5\xe3\x81\xae\xe4\xb8\x80\xe5\xbd\xa2\xe6\x85\x8b\xef\xbc\x89\xe3\x82\x92\xe5\xa4\xa7\xe5\xb9\x85\xe3\x81\xab\xe6\xb8\x9b\xe3\x82\x89\xe3\x81\x99\xe3\x81\x93\xe3\x81\xa8\xe2\x80\xa6 https://t.co/6Td08ScQfG',0,0
2019-06-20 12:36:20,b'\xe6\x88\xa6\xe5\xbe\x8c\xe3\x80\x81\xe6\x86\xb2\xe6\xb3\x95https://t.co/XldsvUAGPP\xe3\x81\xab\xe3\x82\x88\xe3\x82\x8a\xe5\xa4\xa9\xe7\x9a\x87\xe3\x81\xae\xe8\x87\xa3\xe6\xb0\x91\xe3\x80\x94\xe5\xa5\xb4\xe9\x9a\xb7\xef\xbc\x89\xe3\x81\x8b\xe3\x82\x89\xe7\xa7\x81\xe9\x81\x94\xe4\xb8\xbb\xe6\xa8\xa9\xe3\x81\xab\xe3\x81\xaa\xe3\x81\xa3\xe3\x81\x9f\xe3\x81\xae\xe3\x81\xab\xe5\xa4\xa7\xe6\x97\xa5\xe6\x9c\xac\xe5\xb8\x9d\xe5\x9b\xbd\xe6\x86\xb2\xe6\xb3\x95\xe4\xb8\x8b\xe3\x81\xab\xe3\x81\x9d\xe3\x81\xa3\xe3\x81\x9f\xe3\x82\xa4\xe3\x82\xb8\xe3\x83\xa1\xe5\x8a\xa9\xe9\x95\xb7\xe7\xa4\xbe\xe4\xbc\x9a\xe3\x82\x92\xe7\xa8\x8e\xe9\x87\x91\xe3\x81\xa7\xe7\xb6\x9a\xe8\xa1\x8c\xe4\xb8\xad\xe3\x80\x82\xe5\x80\x8b\xe4\xba\xba\xe3\x81\xae\xe3\x81\x9b\xe3\x81\x84\xe3\x81\x98\xe3\x82\x83\xe3\x81\xaa\xe3\x81\x84\xe3\x80\x82-&gt;\xe3\x81\x84\xe3\x81\x98\xe3\x82\x81\xe3\x82\x84\xe5\xb7\xae\xe5\x88\xa5\xe3\x81\xaa\xe3\x81\x9c\xe3\x82\x84\xe3\x82\x81\xe3\x82\x89\xe3\x82\x8c\xe3\x81\xaa\xe3\x81\x84\xef\xbc\x9f\xe3\x80\x80\xe9\xa6\x99\xe5\xb1\xb1\xe3\x83\xaa\xe3\x82\xab\xe3\x81\x95\xe3\x82\x93\xe3\x81\x8c\xe6\x8c\x99\xe2\x80\xa6 https://t.co/4Bl5vrPEgE',0,0
2019-06-20 09:07:09,b'RT @soraazure: @LindenMesicku @Day_Swing \xe3\x80\x8e\xe9\x80\xa3\xe9\x82\xa6\xe5\x88\xb6\xe5\xba\xa6\xe3\x81\xa8\xe4\xb8\x89\xe6\xa8\xa9\xe5\x88\x86\xe7\xab\x8b\xe5\x88\xb6\xe5\xba\xa6\xe3\x81\x8c\xe6\x95\xb4\xe5\x82\x99\xe3\x81\x95\xe3\x82\x8c\xe3\x81\x9f\xe7\xb1\xb3\xe5\x9b\xbd\xe3\x81\xa7\xe3\x81\xaf\xe3\x80\x81\xe5\xa4\xa7\xe7\xb5\xb1\xe9\xa0\x98\xe3\x81\xae\xe3\x80\x8c\xe9\x87\x8e\xe5\x85\x9a\xe3\x80\x8d\xe3\x81\xaf\xe8\xa3\x81\xe5\x88\xa4\xe6\x89\x80\xe3\x81\xa7\xe3\x81\x82\xe3\x82\x8a\xe8\xad\xb0\xe4\xbc\x9a\xe3\x81\xa7\xe3\x81\x99\xe3\x80\x82\xe3\x80\x8f\xe3\x81\xa8\xe3\x81\x84\xe3\x81\x86\xe4\xbd\x8d\xe7\xbd\xae\xe4\xbb\x98\xe3\x81\x91\xe3\x81\xa7\xe3\x81\x99\xe3\x80\x82 \xe3\x81\x8c\xe3\x80\x81\xe6\x97\xa5\xe6\x9c\xac\xe6\x94\xbf\xe5\xba\x9c\xe3\x81\xaf\xe4\xba\x8c\xe5\x88\x86\xe5\x89\xb2\xef\xbc\x88\xe9\x80\xa3\xe9\x82\xa6\xe6\x94\xbf\xe5\xba\x9c\xe3\x81\xa8\xe5\x9c\xb0\xe6\x96\xb9\xe8\x87\xaa\xe6\xb2\xbb\xe6\x94\xbf\xe5\xba\x9c\xef\xbc\x89\xe3\x82\x92\xe5\x85\x8d\xe3\x82\x8c\xe3\x81\x9f\xe5\x9b\xbd\xe5\xae\xb6\xe6\x94\xbf\xe5\xba\x9c\xe3\x80\x81\xe4\xb8\x94\xe3\x81\xa4\xe3\x80\x8c\xe4\xb8\x89\xe6\xa8\xa9\xe5\x88\x86\xe7\xab\x8b\xef\xbc\x88\xe5\x86\x85\xe9\x96\xa3\xe3\x83\xbb\xe2\x80\xa6',0,1
2019-06-19 22:38:42,b'@LindenMesicku @Day_Swing \xe3\x80\x8e\xe9\x80\xa3\xe9\x82\xa6\xe5\x88\xb6\xe5\xba\xa6\xe3\x81\xa8\xe4\xb8\x89\xe6\xa8\xa9\xe5\x88\x86\xe7\xab\x8b\xe5\x88\xb6\xe5\xba\xa6\xe3\x81\x8c\xe6\x95\xb4\xe5\x82\x99\xe3\x81\x95\xe3\x82\x8c\xe3\x81\x9f\xe7\xb1\xb3\xe5\x9b\xbd\xe3\x81\xa7\xe3\x81\xaf\xe3\x80\x81\xe5\xa4\xa7\xe7\xb5\xb1\xe9\xa0\x98\xe3\x81\xae\xe3\x80\x8c\xe9\x87\x8e\xe5\x85\x9a\xe3\x80\x8d\xe3\x81\xaf\xe8\xa3\x81\xe5\x88\xa4\xe6\x89\x80\xe3\x81\xa7\xe3\x81\x82\xe3\x82\x8a\xe8\xad\xb0\xe4\xbc\x9a\xe3\x81\xa7\xe3\x81\x99\xe3\x80\x82\xe3\x80\x8f\xe3\x81\xa8\xe3\x81\x84\xe3\x81\x86\xe4\xbd\x8d\xe7\xbd\xae\xe4\xbb\x98\xe3\x81\x91\xe3\x81\xa7\xe3\x81\x99\xe3\x80\x82 \xe3\x81\x8c\xe3\x80\x81\xe6\x97\xa5\xe6\x9c\xac\xe6\x94\xbf\xe5\xba\x9c\xe3\x81\xaf\xe4\xba\x8c\xe5\x88\x86\xe5\x89\xb2\xef\xbc\x88\xe9\x80\xa3\xe9\x82\xa6\xe6\x94\xbf\xe5\xba\x9c\xe3\x81\xa8\xe5\x9c\xb0\xe6\x96\xb9\xe8\x87\xaa\xe6\xb2\xbb\xe6\x94\xbf\xe5\xba\x9c\xef\xbc\x89\xe3\x82\x92\xe5\x85\x8d\xe3\x82\x8c\xe3\x81\x9f\xe5\x9b\xbd\xe5\xae\xb6\xe6\x94\xbf\xe5\xba\x9c\xe3\x80\x81\xe4\xb8\x94\xe3\x81\xa4\xe2\x80\xa6 https://t.co/AouZi0LgDl',1,1
2019-06-19 22:34:49,b'RT @Day_Swing: \xe8\x8b\xb1\xe6\x96\x87\xe6\x86\xb2\xe6\xb3\x95\xe7\xac\xac\xe5\x85\xab\xe7\xab\xa0\xe3\x82\xbf\xe3\x82\xa4\xe3\x83\x88\xe3\x83\xab\xef\xbc\x9a\xe3\x80\x8cLOCAL SELF-GOVERNMENT\xe3\x80\x8d\xe3\x80\x82\n\n\xe5\x8d\xb3\xe3\x81\xa1\xe3\x80\x8c\xe5\x9c\xb0\xe6\x96\xb9\xe8\x87\xaa\xe6\xb2\xbb\xe6\x94\xbf\xe5\xba\x9c\xe3\x80\x8d\xe3\x81\xa8\xe3\x81\xaa\xe3\x81\xa3\xe3\x81\xa6\xe3\x81\x84\xe3\x82\x8b\xe7\x90\x86\xe7\x94\xb1\xef\xbc\x9b\n\n\xe5\x9c\xb0\xe6\x96\xb9\xe8\x87\xaa\xe6\xb2\xbb\xe6\x94\xbf\xe5\xba\x9c\xe3\x81\x8c\xe6\xb3\x95\xe5\xbe\x8b\xe3\x82\x92\xe4\xbd\x9c\xe6\x88\x90\xe3\x81\xa7\xe3\x81\x8d\xe3\x82\x8b\xe8\xad\xb0\xe4\xbc\x9a\xe5\x88\xb6\xe5\xba\xa6\xe3\x81\xa8\xe4\xb8\x89\xe5\xaf\xa9\xe8\xa3\x81\xe5\x88\xa4\xe5\x88\xb6\xe5\xba\xa6\xe3\x82\x92\xe4\xbf\x9d\xe6\x8c\x81\xe5\x87\xba\xe6\x9d\xa5\xe3\x82\x8b\xe6\xa7\x98\xe3\x81\xab\xe3\x81\x99\xe3\x82\x8b\xe7\x82\xba\xe3\x80\x82\n\n\xe3\x81\x8c\xe3\x80\x81\xe3\x81\x9d\xe3\x81\x86\xe3\x81\xaa\xe3\x82\x8b\xe3\x81\xa8\xe4\xb8\xad\xe5\xa4\xae\xe9\x9b\x86\xe6\xa8\xa9\xe4\xbd\x93\xe5\x88\xb6\xe3\x81\x8c\xe5\xb4\xa9\xe5\xa3\x8a\xe3\x81\x97\xe3\x81\xa6\xe3\x81\x97\xe3\x81\xbe\xe3\x81\x84\xe5\xa4\xa7\xe6\x97\xa5\xe6\x9c\xac\xe5\xb8\x9d\xe2\x80\xa6',0,1
2019-06-19 22:34:37,b'RT @soraazure: @Day_Swing \xe3\x82\xad\xe3\x83\xa5\xe3\x83\xbc\xe3\x83\x90\xe5\x8d\xb1\xe6\xa9\x9f\xe6\xb2\x96\xe7\xb8\x84\xe6\x94\xbb\xe6\x92\x83\xe3\x80\x81\xe7\xb1\xb3\xe8\xa3\xbd\xe3\x82\xbd\xe3\x83\x95\xe3\x83\x88\xe3\x81\xa7\xe6\x97\xa5\xe6\x9c\xac\xe5\x88\x97\xe5\xb3\xb6\xe6\xa8\x99\xe7\x9a\x84\xe3\x80\x80@Day_Swing\xe9\x99\xb8\xe4\xb8\x8a\xe3\x82\xa4\xe3\x83\xbc\xe3\x82\xb8\xe3\x82\xb9\xe5\x9f\xba\xe5\x9c\xb0\xe5\x95\x8f\xe9\xa1\x8c\xe3\x81\xa8\xe3\x81\xaf\xef\xbc\x9a2\xe5\x9f\xba\xe3\x81\xae\xe9\x99\xb8\xe4\xb8\x8a\xe3\x82\xa4\xe3\x83\xbc\xe3\x82\xb8\xe3\x82\xb9\xe3\x81\x8c\xe6\xb5\xb7\xe4\xb8\x8a\xe3\x82\xa4\xe3\x83\xbc\xe3\x82\xb8\xe3\x82\xb9\xe8\x89\xa6\xe3\x81\xa8\xe3\x82\xad\xe3\x83\xa3\xe3\x83\x81\xe3\x83\x9c\xe3\x83\xbc\xe3\x83\xab\xe3\x81\x97\xe3\x82\xa2\xe3\x83\xa9\xe3\x82\xb9\xe3\x82\xab\xe3\x81\xa8\xe3\x82\xab\xe3\x83\xaa\xe3\x83\x95\xe3\x82\xa9\xe3\x83\xab\xe3\x83\x8b\xe3\x82\xa2\xe3\x81\xab\xe5\x9c\xa8\xe3\x82\x8b\xe5\x8f\xb8\xe4\xbb\xa4\xe5\xa1\x94\xe3\x81\xa8\xe9\x80\xa3\xe7\xb5\xa1\xe3\x82\x92\xe5\xaf\x86\xe3\x81\xab\xe3\x81\x97\xe3\x81\xaa\xe3\x81\x8c\xe3\x82\x89\xe3\x83\xad\xe3\x82\xb7\xe3\x82\xa2\xe3\x81\xae\xe8\xbb\x8d\xe4\xba\x8b\xe6\x8a\x91\xe6\xad\xa2\xe5\x8a\x9b\xe3\x82\x92\xe5\xa4\xa7\xe5\xb9\x85\xe3\x81\xab\xe2\x80\xa6',0,1
2019-06-19 22:34:24,b'RT @Day_Swing: \xe5\x9b\xbd\xe4\xbc\x9a\xe3\x81\xa7\xe4\xbd\x9c\xe6\x88\x90\xe3\x81\x95\xe3\x82\x8c\xe3\x81\x9f\xe6\xb3\x95\xef\xbc\x88\xe6\xb3\x95\xe5\xbe\x8b\xef\xbc\x89\xef\xbc\x9e\xe5\x9c\xb0\xe6\x96\xb9\xe8\xad\xb0\xe4\xbc\x9a\xe3\x81\xa7\xe4\xbd\x9c\xe6\x88\x90\xe3\x81\x95\xe3\x82\x8c\xe3\x81\x9f\xe6\xb3\x95\xef\xbc\x88\xe6\x9d\xa1\xe4\xbe\x8b\xef\xbc\x89\xe3\x81\xa8\xe3\x81\x84\xe3\x81\x86\xe4\xb8\xbb\xe6\xa8\xa9\xe8\x80\x85\xe5\xb8\x82\xe6\xb0\x91\xe3\x82\x92\xe5\xb7\xae\xe5\x88\xa5\xe3\x81\x99\xe3\x82\x8b\xe4\xba\x8b\xe3\x81\xab\xe3\x81\xaa\xe3\x82\x8a\xe3\x80\x81\n\n\xe5\xb7\xae\xe5\x88\xa5\xe7\xa6\x81\xe6\xad\xa2\xe6\x9d\xa1\xe9\xa0\x85\xef\xbc\x88\xe8\x8b\xb1\xe6\x96\x87\xe6\x86\xb2\xe6\xb3\x9514\xe6\x9d\xa11\xe9\xa0\x85\xef\xbc\x89\xe3\x81\xab\xe9\x81\x95\xe5\x8f\x8d\xe3\x81\x99\xe3\x82\x8b\xe5\xb7\xae\xe5\x88\xa5\xe4\xbd\x8d\xe7\xbd\xae\xe4\xbb\x98\xe3\x81\x91\xe3\x81\xa8\xe3\x81\xaa\xe3\x82\x8a\xe3\x81\xbe\xe3\x81\x99\xe3\x80\x82\n\n\xe3\x81\xaa\xe3\x81\x9c\xe3\x81\xaa\xe3\x82\x89\xe3\x80\x81\xe5\x9b\xbd\xe4\xbc\x9a\xe8\xad\xb0\xe5\x93\xa1\xe3\x82\x82\xe4\xb8\xbb\xe6\xa8\xa9\xe8\x80\x85\xe5\xb8\x82\xe6\xb0\x91\xe3\x81\xae\xe4\xbb\xa3\xe8\xa1\xa8\xe8\x80\x85\xe3\x81\xa7\xe3\x81\x99\xe3\x81\x8c\xe3\x80\x81\xe5\x9c\xb0\xe6\x96\xb9\xe8\xad\xb0\xe5\x93\xa1\xe3\x82\x82\xe4\xb8\xbb\xe6\xa8\xa9\xe8\x80\x85\xe5\xb8\x82\xe6\xb0\x91\xe3\x81\xae\xe4\xbb\xa3\xe8\xa1\xa8\xe8\x80\x85\xe3\x81\xa0\xe3\x81\x8b\xe2\x80\xa6',0,2
2019-06-19 22:30:59,b'\xe6\xad\xb4\xe4\xbb\xa3\xe3\x81\xae\xe6\x9d\xb1\xe4\xba\xac\xe9\x83\xbd\xe7\x9f\xa5\xe4\xba\x8b\xe3\x81\x8c\xe3\x80\x8c\xe7\xb4\x8d\xe7\xa8\x8e\xe5\x85\x88\xe8\x87\xaa\xe5\x8b\x95\xe5\xa4\x89\xe6\x9b\xb4 #\xe3\x82\xaa\xe3\x83\xac\xe3\x82\xaa\xe3\x83\xac\xe8\xa9\x90\xe6\xac\xba\xe3\x80\x8d\xe3\x81\xae\xe9\xa6\x96\xe8\xac\x80\xe8\x80\x85\xe3\x81\xa0\xe3\x81\xa3\xe3\x81\x9f\xe3\x81\xa8\xe3\x81\x84\xe3\x81\x86\xe9\xa9\x9a\xe6\x84\x95\xe3\x81\xae\xe4\xba\x8b\xe5\xae\x9f\xe3\x81\xa7\xe3\x81\x99\xe3\x80\x82\xe3\x81\xaa\xe3\x81\x9c\xe3\x81\xaa\xe3\x82\x89\xe3\x80\x8123\xe5\x8c\xba\xe6\xb0\x91\xe3\x81\x8c\xe7\xb4\x8d\xe3\x82\x81\xe3\x81\x9f\xe5\x9b\xba\xe5\xae\x9a\xe8\xb3\x87\xe7\x94\xa3\xe7\xa8\x8e\xe3\x81\xa8\xe6\xb3\x95\xe4\xba\xba\xe4\xbd\x8f\xe6\xb0\x91\xe7\xa8\x8e\xe3\x81\xae\xe7\xb4\x8d\xe7\xa8\x8e\xe5\x85\x88\xe3\x81\x8c\xe8\x87\xaa\xe5\x8b\x95\xe7\x9a\x84\xe3\x81\xab\xe5\xa4\x89\xe6\x9b\xb4\xe3\x81\x95\xe3\x82\x8c\xe3\x81\xa6\xe3\x80\x81\xe3\x83\x8a\xe3\x83\xb3\xe3\x83\x88\xe3\x80\x8c\xe6\x9d\xb1\xe4\xba\xac\xe9\x83\xbd\xe3\x80\x8d\xe3\x81\xab\xe7\xb4\x8d\xe5\x85\xa5\xe3\x81\x95\xe3\x82\x8c\xe3\x81\xa6\xe3\x81\x97\xe3\x81\xbe\xe3\x81\xa3\xe3\x81\xa6\xe3\x81\x84\xe3\x82\x8b\xe7\x8a\xb6\xe6\x85\x8b\xe3\x81\x8c\xe3\x80\x81\xe3\x83\x8a\xe3\x83\xb3\xe3\x83\x88\xe3\x80\x8170\xe5\xb9\xb4\xe4\xbb\xa5\xe2\x80\xa6 https://t.co/S0C1FOKjxV',0,0
2019-06-19 22:22:20,b'12\xe6\xad\xb3\xe9\x95\xb7\xe5\xa5\xb3\xe3\x81\xab\xe6\x80\xa7\xe7\x9a\x84\xe6\x9a\xb4\xe8\xa1\x8c \xe7\x84\xa1\xe7\xbd\xaa\xe5\x88\xa4\xe6\xb1\xbahttps://t.co/YX1bI0n1VB  \n\xe5\xa4\xa7\xe6\x97\xa5\xe6\x9c\xac\xe5\xb8\x9d\xe5\x9b\xbd\xe6\x86\xb2\xe6\xb3\x95\xe4\xb8\x8b\xe3\x81\xab\xe5\x9c\xa8\xe3\x82\x8b\xe6\x97\xa5\xe6\x9c\xac\xe3\x81\xa7\xe3\x81\xaf\xe7\x97\xb4\xe6\xbc\xa2\xe3\x81\xaf\xe7\x8a\xaf\xe7\xbd\xaa\xe3\x81\xa7\xe3\x81\x99\xe3\x81\x8c\xe3\x80\x81\xe3\x83\xac\xe3\x82\xa4\xe3\x83\x97\xe3\x81\xaf\xe5\x90\x88\xe6\x86\xb2\xe3\x81\xa8\xe3\x81\xaa\xe3\x82\x8b\xe5\xa0\xb4\xe5\x90\x88\xe3\x81\x8c\xe3\x81\x82\xe3\x82\x8a\xe3\x81\xbe\xe3\x81\x99\xe2\x86\x90\xe7\x90\x86\xe7\x94\xb1\xef\xbc\x9a\xe5\xa4\xa7\xe6\x97\xa5\xe6\x9c\xac\xe5\xb8\x9d\xe5\x9b\xbd\xe6\x86\xb2\xe6\xb3\x95\xe3\x81\xa8\xe6\x95\xb4\xe5\x90\x88\xe6\x80\xa7\xe3\x81\x8c\xe5\x8f\x96\xe3\x82\x8c\xe3\x82\x8b\xe5\x88\x91\xe6\xb3\x95\xef\xbc\x88\xe5\xa5\xb3\xe6\x80\xa7\xe3\x81\xae\xe5\x90\x8c\xe6\x84\x8f\xe3\x81\x8c\xe7\x84\xa1\xe3\x81\x8f\xe3\x81\xa6\xe3\x82\x82\xe3\x80\x81\xe2\x80\xa6 https://t.co/XyOnccqGPe',0,0
2019-06-19 15:12:07,b'\xe4\xba\xba\xe6\xa8\xa9\xe6\x84\x8f\xe8\xad\x98\xe3\x82\x82\xe4\xb8\x89\xe6\xa8\xa9\xe5\x88\x86\xe7\xab\x8b\xe3\x81\xae\xe6\x84\x8f\xe8\xad\x98\xe7\x84\xa1\xe3\x81\x97\xe5\xa4\xa7\xe6\x97\xa5\xe6\x9c\xac\xe5\xb8\x9d\xe5\x9b\xbd\xe6\x86\xb2\xe6\xb3\x95\xe4\xb8\x8b\xe3\x81\xae\xe6\x97\xa5\xe6\x9c\xac\xe3\x81\xa0\xe3\x81\xa8\xe6\x80\x9d\xe3\x81\x86\xe2\x86\x92\xe6\x97\xa5\xe6\x9c\xac\xe3\x81\x8c\xe5\xbe\x93\xe8\xbb\x8d\xe6\x85\xb0\xe5\xae\x89\xe5\xa9\xa6\xe5\x95\x8f\xe9\xa1\x8c\xe3\x81\xae\xe7\x9c\x9f\xe5\x81\xbd\xe3\x82\x92\xe8\xa6\x8b\xe5\x88\x86\xe3\x81\x91\xe3\x82\x8b\xe4\xba\x8b\xe3\x82\x92\xe6\x8b\x92\xe5\x90\xa6\xe7\xb6\x9a\xe3\x81\x91\xe3\x82\x8b\xe7\x90\x86\xe7\x94\xb1\xe3\x80\x8c\xe6\x97\xa5\xe6\x9c\xac\xe3\x81\xa7\xe3\x81\xaf\xe5\x88\x91\xe6\xb3\x95\xe3\x81\x8c\xe6\x9c\xaa\xe3\x81\xa0\xe3\x81\xab\xe5\x90\x88\xe6\xb3\x95\xe3\x83\xac\xe3\x82\xa4\xe3\x83\x97\xe3\x82\x92\xe5\x85\xac\xe8\xaa\x8d\xe3\x81\x97\xe3\x81\xa6\xe3\x81\x84\xe3\x82\x8b\xe3\x80\x8d\xe3\x81\x8b\xe3\x82\x89.\xe4\xbb\x8a\xe3\x82\x82\xe5\xa4\xa7\xe6\x97\xa5\xe6\x9c\xac\xe5\xb8\x9d\xe5\x9b\xbd\xe6\x86\xb2\xe6\xb3\x95\xe4\xb8\x8b\xe3\x81\xab\xe3\x81\x82\xe3\x82\x8b\xe6\x97\xa5\xe6\x9c\xac\xe3\x81\xae\xe5\xa5\xb3\xe6\x80\xa7\xe3\x82\x92\xe5\xa0\x82\xe3\x80\x85\xe3\x81\xa8\xe5\x90\x88\xe6\xb3\x95\xe3\x83\xac\xe3\x82\xa4\xe3\x83\x97\xe3\x81\xa7\xe3\x81\x8d\xe3\x82\x8b\xe3\x81\xae\xe2\x80\xa6 https://t.co/ClalphPiH5',0,0
2019-06-21 14:50:24,b'https://t.co/eKTUlA66DE',0,0
2019-06-21 14:50:24,b'RT @business: The banking industry\xe2\x80\x99s glass ceiling has long proven particularly thick https://t.co/aERApFwF0J',0,6
2019-06-21 14:50:24,b'RT @EtsySocial: Murano Glass Colorful  https://t.co/1UURC0xXUz via @EtsySocial #EtsySocial https://t.co/xnnLHXcEOF',0,16
2019-06-21 14:50:24,b'RT @badelman_: @hannahg_hales Are you acting like it reallllly matters and that we aren\xe2\x80\x99t gonna turn up anyways bc \xf0\x9f\xa4\xb7\xf0\x9f\x8f\xbc\xe2\x80\x8d\xe2\x99\x80\xef\xb8\x8flet\xe2\x80\x99s be real\xf0\x9f\x92\x83\xf0\x9f\x8f\xbd\xf0\x9f\xa5\x82\xf0\x9f\x8d\xbe\xf0\x9f\xa5\x83(\xe2\x80\xa6',0,1
2019-06-21 14:50:23,b'RT @Seesom_Kpop: \xe2\x99\xa5\xef\xb8\x8f \xe0\xb8\xa1\xe0\xb8\xb2\xe0\xb9\x81\xe0\xb8\x88\xe0\xb8\x81\xe0\xb8\x95\xe0\xb8\xb2\xe0\xb8\xa1\xe0\xb8\xaa\xe0\xb8\xb1\xe0\xb8\x8d\xe0\xb8\x8d\xe0\xb8\xb2 \xe0\xb9\x81\xe0\xb8\x88\xe0\xb8\x81\xe0\xb8\x82\xe0\xb8\xad\xe0\xb8\x87 7 \xe0\xb8\x8a\xe0\xb8\xb4\xe0\xb9\x89\xe0\xb8\x99 (\xe0\xb9\x83\xe0\xb8\x99\xe0\xb8\x97\xe0\xb8\xa7\xe0\xb8\xb4\xe0\xb8\x952/IG 5 \xe0\xb8\x8a\xe0\xb8\xb4\xe0\xb9\x89\xe0\xb8\x99) \xe0\xb9\x80\xe0\xb8\x99\xe0\xb8\xb7\xe0\xb9\x88\xe0\xb8\xad\xe0\xb8\x87\xe0\xb9\x83\xe0\xb8\x99\xe0\xb9\x82\xe0\xb8\xad\xe0\xb8\x81\xe0\xb8\xb2\xe0\xb8\xaa\xe0\xb8\x97\xe0\xb8\xb5\xe0\xb9\x88\xe0\xb8\xa2\xe0\xb8\xad\xe0\xb8\x94\xe0\xb8\x9f\xe0\xb8\xad\xe0\xb8\xa5\xe0\xb8\x84\xe0\xb8\xa3\xe0\xb8\x9a70k \xe0\xb9\x83\xe0\xb8\x99IG...\xe0\xb8\x82\xe0\xb8\xad\xe0\xb8\x87\xe0\xb8\x8a\xe0\xb8\xb4\xe0\xb9\x89\xe0\xb8\x99\xe0\xb9\x81\xe0\xb8\xa3\xe0\xb8\x81\xe0\xb9\x81\xe0\xb8\x88\xe0\xb8\x81\xe0\xb9\x83\xe0\xb8\x99\xe0\xb8\x97\xe0\xb8\xa7\xe0\xb8\xb4\xe0\xb8\x95\xe0\xb8\x81\xe0\xb9\x88\xe0\xb8\xad\xe0\xb8\x99\xe0\xb9\x80\xe0\xb8\xa5\xe0\xb8\xa2 \xe0\xb8\x84\xe0\xb8\xb7\xe0\xb8\xad  GOT\xe2\x80\xa6',0,3994
2019-06-21 14:50:22,b'RT @EtsySocial: Murano Glass Colorful  https://t.co/1UURC0xXUz via @EtsySocial #EtsySocial https://t.co/xnnLHXcEOF',0,16
2019-06-21 14:50:20,b'RT @EtsySocial: Murano Glass Colorful  https://t.co/1UURC0xXUz via @EtsySocial #EtsySocial https://t.co/xnnLHXcEOF',0,16
2019-06-21 14:50:18,b'RT @EtsySocial: Murano Glass Colorful  https://t.co/1UURC0xXUz via @EtsySocial #EtsySocial https://t.co/xnnLHXcEOF',0,16
2019-06-21 14:50:18,b'RT @Fact: Drinking a cold glass of water in the morning will wake you faster than a cup of coffee. Apples are also better.',0,115
2019-06-21 14:50:18,"b'RT @feesfusions: Fused Glass Pendant - Glass Jewelry - Red Glass - Black Glass - Fused Art Glass - Dichroic Glass - Measures 1.25"" x 1"" (ap\xe2\x80\xa6'",0,23
2019-06-21 14:50:15,b'RT @EtsySocial: Murano Glass Colorful  https://t.co/1UURC0xXUz via @EtsySocial #EtsySocial https://t.co/xnnLHXcEOF',0,16
2019-06-21 14:50:13,"b'Blue Green Enamel #Butterfly Bracelet, Czech Glass Stretch #jewelrylovers #MothersDay2019 Day #giftideas For Her\xc2\xa0\xe2\x80\xa6 https://t.co/LYYlBF21MR'",0,0
2019-06-21 14:50:13,b'RT @EtsySocial: Murano Glass Colorful  https://t.co/1UURC0xXUz via @EtsySocial #EtsySocial https://t.co/xnnLHXcEOF',0,16
2019-06-21 14:50:13,"b'RT @emilymkaplan: Here\xe2\x80\x99s the story of how Noelle Needham, a former rancher, Hayley Wickenheiser, a hockey legend, and the Toronto Maple Lea\xe2\x80\xa6'",0,26
2019-06-21 13:57:02,b'Hoping the rain we\xe2\x80\x99re getting in Calgary is traveling south to those who need it. | Drought forces producers to sel\xe2\x80\xa6 https://t.co/HX2ROQSxNL',0,0
2019-06-21 10:28:37,"b'RT @soraazure: @hiroshimilano \xe6\xb1\xba\xe5\xae\x9a\xe3\x81\xae\xe6\xa0\xb9\xe6\x8b\xa0\xe6\xb3\x95\xe4\xbb\xa4\xe3\x81\xaf\xe4\xbd\x95\xef\xbc\x9f\xe6\x86\xb2\xe6\xb3\x959\xe6\x9d\xa1\xe3\x81\xaf\xe8\x87\xaa\xe8\xa1\x9b\xe9\x9a\x8a\xe3\x82\x92\xe3\x80\x8c\xe6\x9c\xac\xe5\x9c\x9f\xe9\x98\xb2\xe8\xa1\x9b\xe5\xb0\x82\xe7\x94\xa8\xe9\x9a\x8a\xe3\x80\x8d\xe3\x81\xa8\xe5\xae\x9a\xe7\xbe\xa9\xe4\xbb\x98\xe2\x86\x90\xe8\x87\xaa\xe3\x81\x9a\xe3\x81\xa8\xe8\xaa\xbf\xe9\x81\x94\xe3\x81\x99\xe3\x82\x8b\xe6\xad\xa6\xe5\x99\xa8\xe3\x81\xae\xe7\xa8\xae\xe9\xa1\x9e\xe3\x81\xaf\xe9\x99\x90\xe3\x82\x89\xe3\x82\x8c\xe3\x82\x8b\xef\xbc\x88\xe5\x9c\xb0\xe5\xaf\xbe\xe7\xa9\xba\xe3\x83\x9f\xe3\x82\xb5\xe3\x82\xa4\xe3\x83\xabOK,\xe5\x9c\xb0\xe5\xaf\xbe\xe5\x9c\xb0\xe3\x83\x9f\xe3\x82\xb5\xe3\x82\xa4\xe3\x83\xabNG\xef\xbc\x89\nhttps://t.co/KcpsC5Tp5A \xe7\xb1\xb3\xe5\x9b\xbd\xe3\x81\x8b\xe3\x82\x89\xe3\x81\xb0\xe3\x82\x89\xe3\x81\x95\xe3\x82\x8c\xe3\x81\xa6\xe5\x88\x9d\xe3\x82\x81\xe3\x81\xa6\xe7\x9f\xa5\xe2\x80\xa6'",0,2
2019-06-21 04:06:32,"b'RT @soraazure: @hiroshimilano \xe6\xb1\xba\xe5\xae\x9a\xe3\x81\xae\xe6\xa0\xb9\xe6\x8b\xa0\xe6\xb3\x95\xe4\xbb\xa4\xe3\x81\xaf\xe4\xbd\x95\xef\xbc\x9f\xe6\x86\xb2\xe6\xb3\x959\xe6\x9d\xa1\xe3\x81\xaf\xe8\x87\xaa\xe8\xa1\x9b\xe9\x9a\x8a\xe3\x82\x92\xe3\x80\x8c\xe6\x9c\xac\xe5\x9c\x9f\xe9\x98\xb2\xe8\xa1\x9b\xe5\xb0\x82\xe7\x94\xa8\xe9\x9a\x8a\xe3\x80\x8d\xe3\x81\xa8\xe5\xae\x9a\xe7\xbe\xa9\xe4\xbb\x98\xe2\x86\x90\xe8\x87\xaa\xe3\x81\x9a\xe3\x81\xa8\xe8\xaa\xbf\xe9\x81\x94\xe3\x81\x99\xe3\x82\x8b\xe6\xad\xa6\xe5\x99\xa8\xe3\x81\xae\xe7\xa8\xae\xe9\xa1\x9e\xe3\x81\xaf\xe9\x99\x90\xe3\x82\x89\xe3\x82\x8c\xe3\x82\x8b\xef\xbc\x88\xe5\x9c\xb0\xe5\xaf\xbe\xe7\xa9\xba\xe3\x83\x9f\xe3\x82\xb5\xe3\x82\xa4\xe3\x83\xabOK,\xe5\x9c\xb0\xe5\xaf\xbe\xe5\x9c\xb0\xe3\x83\x9f\xe3\x82\xb5\xe3\x82\xa4\xe3\x83\xabNG\xef\xbc\x89\nhttps://t.co/KcpsC5Tp5A \xe7\xb1\xb3\xe5\x9b\xbd\xe3\x81\x8b\xe3\x82\x89\xe3\x81\xb0\xe3\x82\x89\xe3\x81\x95\xe3\x82\x8c\xe3\x81\xa6\xe5\x88\x9d\xe3\x82\x81\xe3\x81\xa6\xe7\x9f\xa5\xe2\x80\xa6'",0,2
2019-06-20 22:33:00,"b'@hiroshimilano \xe6\xb1\xba\xe5\xae\x9a\xe3\x81\xae\xe6\xa0\xb9\xe6\x8b\xa0\xe6\xb3\x95\xe4\xbb\xa4\xe3\x81\xaf\xe4\xbd\x95\xef\xbc\x9f\xe6\x86\xb2\xe6\xb3\x959\xe6\x9d\xa1\xe3\x81\xaf\xe8\x87\xaa\xe8\xa1\x9b\xe9\x9a\x8a\xe3\x82\x92\xe3\x80\x8c\xe6\x9c\xac\xe5\x9c\x9f\xe9\x98\xb2\xe8\xa1\x9b\xe5\xb0\x82\xe7\x94\xa8\xe9\x9a\x8a\xe3\x80\x8d\xe3\x81\xa8\xe5\xae\x9a\xe7\xbe\xa9\xe4\xbb\x98\xe2\x86\x90\xe8\x87\xaa\xe3\x81\x9a\xe3\x81\xa8\xe8\xaa\xbf\xe9\x81\x94\xe3\x81\x99\xe3\x82\x8b\xe6\xad\xa6\xe5\x99\xa8\xe3\x81\xae\xe7\xa8\xae\xe9\xa1\x9e\xe3\x81\xaf\xe9\x99\x90\xe3\x82\x89\xe3\x82\x8c\xe3\x82\x8b\xef\xbc\x88\xe5\x9c\xb0\xe5\xaf\xbe\xe7\xa9\xba\xe3\x83\x9f\xe3\x82\xb5\xe3\x82\xa4\xe3\x83\xabOK,\xe5\x9c\xb0\xe5\xaf\xbe\xe5\x9c\xb0\xe3\x83\x9f\xe3\x82\xb5\xe3\x82\xa4\xe3\x83\xabNG\xef\xbc\x89\nhttps://t.co/KcpsC5Tp5A \xe7\xb1\xb3\xe5\x9b\xbd\xe3\x81\x8b\xe3\x82\x89\xe2\x80\xa6 https://t.co/x5tDd00QpI'",2,2
2019-06-20 12:48:28,"b'\xe7\x8f\xbe\xe8\xa1\x8c\xe4\xba\xba\xe6\x9d\x90\xe6\xb4\xbe\xe9\x81\xa3\xe3\x83\x93\xe3\x82\xb8\xe3\x83\x8d\xe3\x82\xb9\xe3\x83\xa2\xe3\x83\x87\xe3\x83\xab\xe3\x81\xa7\xe3\x81\xaf\xe3\x83\x88\xe3\x83\xaa\xe3\x83\x97\xe3\x83\xab\xe6\x86\xb2\xe6\xb3\x95\xe9\x81\x95\xe5\x8f\x8dhttps://t.co/fAPWeK0dLj \xe6\xb4\xbe\xe9\x81\xa3\xe4\xba\x8b\xe6\xa5\xad\xe8\x80\x85\xe6\x95\xb0\xef\xbc\x88\xe7\xb1\xb3\xe5\x9b\xbd,\xe8\x8b\xb1\xe5\x9b\xbd\xef\xbc\x88\xe8\x87\xaa\xe5\x9b\xbd\xe6\x86\xb2\xe6\xb3\x95\xe3\x81\xab\xe6\x97\xa5\xe6\x9c\xac\xe5\x9b\xbd\xe6\x86\xb2\xe6\xb3\x9527\xe6\x9d\xa1\xe3\x81\xae\xe6\xa7\x98\xe3\x81\xaa\xe6\x9d\xa1\xe9\xa0\x85\xe4\xbf\x9d\xe6\x9c\x89\xe3\x81\x97\xe3\x81\xa6\xe3\x81\xaa\xe3\x81\x84\xef\xbc\x89\xe3\x81\xaf2\xe4\xb8\x87\xe3\x83\xb6\xe6\x89\x80\xe3\x81\xa8,1\xe4\xb8\x877\xe5\x8d\x83\xe3\x83\xb6\xe6\x89\x80\xe3\x80\x80\xe6\x97\xa5\xe6\x9c\xac\xef\xbc\x88\xe6\x86\xb2\xe6\xb3\x9527\xe6\x9d\xa1\xe4\xbf\x9d\xe6\x9c\x89\xef\xbc\x898\xe4\xb8\x874\xe5\x8d\x83\xe3\x83\xb6\xe2\x80\xa6 https://t.co/C63rhJ9UhI'",0,0
2019-06-20 12:41:44,b'\xe6\x86\xb2\xe6\xb3\x95\xe3\x81\xa7\xe4\xbf\x9d\xe9\x9a\x9c\xe3\x81\x95\xe3\x82\x8c\xe3\x81\x9f\xe6\xa8\xa9\xe5\x88\xa9\xe2\x86\x92\xe6\x97\xa5\xe6\x9c\xac\xe3\x81\xa7\xe3\x81\xaf\xe3\x80\x81\xe8\x81\xb7\xe5\xa0\xb4\xe3\x81\xa7\xe3\x81\xae\xe3\x80\x80\xef\xbc\x83\xe5\xb7\xae\xe5\x88\xa5\xef\xbc\x88\xef\xbc\x83\xe3\x83\x91\xe3\x83\xaf\xe3\x83\x8f\xe3\x83\xa9\xe3\x80\x80\xef\xbc\x83\xe3\x82\xbb\xe3\x82\xaf\xe3\x83\x8f\xe3\x83\xa9\xe3\x80\x80\xe5\xbc\xb7\xe5\x88\xb6\xe9\x80\x80\xe8\x81\xb7\xe5\x88\xb6\xe5\xba\xa6\xe3\x83\xbb\xe7\xb7\x8f\xe5\x90\x88\xe8\x81\xb7\xe5\x88\xb6\xe5\xba\xa6\xe3\x81\xaf\xe3\x80\x81\xe5\xb7\xae\xe5\x88\xa5\xe3\x81\xae\xe4\xb8\x80\xe5\xbd\xa2\xe6\x85\x8b\xe3\x81\xab\xe8\xa9\xb2\xe5\xbd\x93\xef\xbc\x89\xef\xbc\x86 \n\xe5\xad\xa6\xe6\xa0\xa1\xe3\x81\xa7\xe3\x81\xae\xe5\xb7\xae\xe5\x88\xa5\xef\xbc\x88\xef\xbc\x83\xe3\x82\xa4\xe3\x82\xb8\xe3\x83\xa1\xe3\x80\x80\xe3\x82\x82\xe5\xb7\xae\xe5\x88\xa5\xe3\x81\xae\xe4\xb8\x80\xe5\xbd\xa2\xe6\x85\x8b\xef\xbc\x89\xef\xbc\x86 \xe5\xae\xb6\xe5\xba\xad\xe3\x81\xa7\xe3\x81\xae\xe5\xb7\xae\xe5\x88\xa5\xef\xbc\x88\xe5\xae\xb6\xe5\xba\xad\xe5\x86\x85\xe6\x9a\xb4\xe5\x8a\x9b\xe3\x82\x82\xe5\xb7\xae\xe5\x88\xa5\xe3\x81\xae\xe4\xb8\x80\xe5\xbd\xa2\xe6\x85\x8b\xef\xbc\x89\xe3\x82\x92\xe5\xa4\xa7\xe5\xb9\x85\xe3\x81\xab\xe6\xb8\x9b\xe3\x82\x89\xe3\x81\x99\xe3\x81\x93\xe3\x81\xa8\xe2\x80\xa6 https://t.co/6Td08ScQfG',0,0
2019-06-20 12:36:20,b'\xe6\x88\xa6\xe5\xbe\x8c\xe3\x80\x81\xe6\x86\xb2\xe6\xb3\x95https://t.co/XldsvUAGPP\xe3\x81\xab\xe3\x82\x88\xe3\x82\x8a\xe5\xa4\xa9\xe7\x9a\x87\xe3\x81\xae\xe8\x87\xa3\xe6\xb0\x91\xe3\x80\x94\xe5\xa5\xb4\xe9\x9a\xb7\xef\xbc\x89\xe3\x81\x8b\xe3\x82\x89\xe7\xa7\x81\xe9\x81\x94\xe4\xb8\xbb\xe6\xa8\xa9\xe3\x81\xab\xe3\x81\xaa\xe3\x81\xa3\xe3\x81\x9f\xe3\x81\xae\xe3\x81\xab\xe5\xa4\xa7\xe6\x97\xa5\xe6\x9c\xac\xe5\xb8\x9d\xe5\x9b\xbd\xe6\x86\xb2\xe6\xb3\x95\xe4\xb8\x8b\xe3\x81\xab\xe3\x81\x9d\xe3\x81\xa3\xe3\x81\x9f\xe3\x82\xa4\xe3\x82\xb8\xe3\x83\xa1\xe5\x8a\xa9\xe9\x95\xb7\xe7\xa4\xbe\xe4\xbc\x9a\xe3\x82\x92\xe7\xa8\x8e\xe9\x87\x91\xe3\x81\xa7\xe7\xb6\x9a\xe8\xa1\x8c\xe4\xb8\xad\xe3\x80\x82\xe5\x80\x8b\xe4\xba\xba\xe3\x81\xae\xe3\x81\x9b\xe3\x81\x84\xe3\x81\x98\xe3\x82\x83\xe3\x81\xaa\xe3\x81\x84\xe3\x80\x82-&gt;\xe3\x81\x84\xe3\x81\x98\xe3\x82\x81\xe3\x82\x84\xe5\xb7\xae\xe5\x88\xa5\xe3\x81\xaa\xe3\x81\x9c\xe3\x82\x84\xe3\x82\x81\xe3\x82\x89\xe3\x82\x8c\xe3\x81\xaa\xe3\x81\x84\xef\xbc\x9f\xe3\x80\x80\xe9\xa6\x99\xe5\xb1\xb1\xe3\x83\xaa\xe3\x82\xab\xe3\x81\x95\xe3\x82\x93\xe3\x81\x8c\xe6\x8c\x99\xe2\x80\xa6 https://t.co/4Bl5vrPEgE',0,0
2019-06-20 09:07:09,b'RT @soraazure: @LindenMesicku @Day_Swing \xe3\x80\x8e\xe9\x80\xa3\xe9\x82\xa6\xe5\x88\xb6\xe5\xba\xa6\xe3\x81\xa8\xe4\xb8\x89\xe6\xa8\xa9\xe5\x88\x86\xe7\xab\x8b\xe5\x88\xb6\xe5\xba\xa6\xe3\x81\x8c\xe6\x95\xb4\xe5\x82\x99\xe3\x81\x95\xe3\x82\x8c\xe3\x81\x9f\xe7\xb1\xb3\xe5\x9b\xbd\xe3\x81\xa7\xe3\x81\xaf\xe3\x80\x81\xe5\xa4\xa7\xe7\xb5\xb1\xe9\xa0\x98\xe3\x81\xae\xe3\x80\x8c\xe9\x87\x8e\xe5\x85\x9a\xe3\x80\x8d\xe3\x81\xaf\xe8\xa3\x81\xe5\x88\xa4\xe6\x89\x80\xe3\x81\xa7\xe3\x81\x82\xe3\x82\x8a\xe8\xad\xb0\xe4\xbc\x9a\xe3\x81\xa7\xe3\x81\x99\xe3\x80\x82\xe3\x80\x8f\xe3\x81\xa8\xe3\x81\x84\xe3\x81\x86\xe4\xbd\x8d\xe7\xbd\xae\xe4\xbb\x98\xe3\x81\x91\xe3\x81\xa7\xe3\x81\x99\xe3\x80\x82 \xe3\x81\x8c\xe3\x80\x81\xe6\x97\xa5\xe6\x9c\xac\xe6\x94\xbf\xe5\xba\x9c\xe3\x81\xaf\xe4\xba\x8c\xe5\x88\x86\xe5\x89\xb2\xef\xbc\x88\xe9\x80\xa3\xe9\x82\xa6\xe6\x94\xbf\xe5\xba\x9c\xe3\x81\xa8\xe5\x9c\xb0\xe6\x96\xb9\xe8\x87\xaa\xe6\xb2\xbb\xe6\x94\xbf\xe5\xba\x9c\xef\xbc\x89\xe3\x82\x92\xe5\x85\x8d\xe3\x82\x8c\xe3\x81\x9f\xe5\x9b\xbd\xe5\xae\xb6\xe6\x94\xbf\xe5\xba\x9c\xe3\x80\x81\xe4\xb8\x94\xe3\x81\xa4\xe3\x80\x8c\xe4\xb8\x89\xe6\xa8\xa9\xe5\x88\x86\xe7\xab\x8b\xef\xbc\x88\xe5\x86\x85\xe9\x96\xa3\xe3\x83\xbb\xe2\x80\xa6',0,1
2019-06-19 22:38:42,b'@LindenMesicku @Day_Swing \xe3\x80\x8e\xe9\x80\xa3\xe9\x82\xa6\xe5\x88\xb6\xe5\xba\xa6\xe3\x81\xa8\xe4\xb8\x89\xe6\xa8\xa9\xe5\x88\x86\xe7\xab\x8b\xe5\x88\xb6\xe5\xba\xa6\xe3\x81\x8c\xe6\x95\xb4\xe5\x82\x99\xe3\x81\x95\xe3\x82\x8c\xe3\x81\x9f\xe7\xb1\xb3\xe5\x9b\xbd\xe3\x81\xa7\xe3\x81\xaf\xe3\x80\x81\xe5\xa4\xa7\xe7\xb5\xb1\xe9\xa0\x98\xe3\x81\xae\xe3\x80\x8c\xe9\x87\x8e\xe5\x85\x9a\xe3\x80\x8d\xe3\x81\xaf\xe8\xa3\x81\xe5\x88\xa4\xe6\x89\x80\xe3\x81\xa7\xe3\x81\x82\xe3\x82\x8a\xe8\xad\xb0\xe4\xbc\x9a\xe3\x81\xa7\xe3\x81\x99\xe3\x80\x82\xe3\x80\x8f\xe3\x81\xa8\xe3\x81\x84\xe3\x81\x86\xe4\xbd\x8d\xe7\xbd\xae\xe4\xbb\x98\xe3\x81\x91\xe3\x81\xa7\xe3\x81\x99\xe3\x80\x82 \xe3\x81\x8c\xe3\x80\x81\xe6\x97\xa5\xe6\x9c\xac\xe6\x94\xbf\xe5\xba\x9c\xe3\x81\xaf\xe4\xba\x8c\xe5\x88\x86\xe5\x89\xb2\xef\xbc\x88\xe9\x80\xa3\xe9\x82\xa6\xe6\x94\xbf\xe5\xba\x9c\xe3\x81\xa8\xe5\x9c\xb0\xe6\x96\xb9\xe8\x87\xaa\xe6\xb2\xbb\xe6\x94\xbf\xe5\xba\x9c\xef\xbc\x89\xe3\x82\x92\xe5\x85\x8d\xe3\x82\x8c\xe3\x81\x9f\xe5\x9b\xbd\xe5\xae\xb6\xe6\x94\xbf\xe5\xba\x9c\xe3\x80\x81\xe4\xb8\x94\xe3\x81\xa4\xe2\x80\xa6 https://t.co/AouZi0LgDl',1,1
2019-06-19 22:34:49,b'RT @Day_Swing: \xe8\x8b\xb1\xe6\x96\x87\xe6\x86\xb2\xe6\xb3\x95\xe7\xac\xac\xe5\x85\xab\xe7\xab\xa0\xe3\x82\xbf\xe3\x82\xa4\xe3\x83\x88\xe3\x83\xab\xef\xbc\x9a\xe3\x80\x8cLOCAL SELF-GOVERNMENT\xe3\x80\x8d\xe3\x80\x82\n\n\xe5\x8d\xb3\xe3\x81\xa1\xe3\x80\x8c\xe5\x9c\xb0\xe6\x96\xb9\xe8\x87\xaa\xe6\xb2\xbb\xe6\x94\xbf\xe5\xba\x9c\xe3\x80\x8d\xe3\x81\xa8\xe3\x81\xaa\xe3\x81\xa3\xe3\x81\xa6\xe3\x81\x84\xe3\x82\x8b\xe7\x90\x86\xe7\x94\xb1\xef\xbc\x9b\n\n\xe5\x9c\xb0\xe6\x96\xb9\xe8\x87\xaa\xe6\xb2\xbb\xe6\x94\xbf\xe5\xba\x9c\xe3\x81\x8c\xe6\xb3\x95\xe5\xbe\x8b\xe3\x82\x92\xe4\xbd\x9c\xe6\x88\x90\xe3\x81\xa7\xe3\x81\x8d\xe3\x82\x8b\xe8\xad\xb0\xe4\xbc\x9a\xe5\x88\xb6\xe5\xba\xa6\xe3\x81\xa8\xe4\xb8\x89\xe5\xaf\xa9\xe8\xa3\x81\xe5\x88\xa4\xe5\x88\xb6\xe5\xba\xa6\xe3\x82\x92\xe4\xbf\x9d\xe6\x8c\x81\xe5\x87\xba\xe6\x9d\xa5\xe3\x82\x8b\xe6\xa7\x98\xe3\x81\xab\xe3\x81\x99\xe3\x82\x8b\xe7\x82\xba\xe3\x80\x82\n\n\xe3\x81\x8c\xe3\x80\x81\xe3\x81\x9d\xe3\x81\x86\xe3\x81\xaa\xe3\x82\x8b\xe3\x81\xa8\xe4\xb8\xad\xe5\xa4\xae\xe9\x9b\x86\xe6\xa8\xa9\xe4\xbd\x93\xe5\x88\xb6\xe3\x81\x8c\xe5\xb4\xa9\xe5\xa3\x8a\xe3\x81\x97\xe3\x81\xa6\xe3\x81\x97\xe3\x81\xbe\xe3\x81\x84\xe5\xa4\xa7\xe6\x97\xa5\xe6\x9c\xac\xe5\xb8\x9d\xe2\x80\xa6',0,1
2019-06-19 22:34:37,b'RT @soraazure: @Day_Swing \xe3\x82\xad\xe3\x83\xa5\xe3\x83\xbc\xe3\x83\x90\xe5\x8d\xb1\xe6\xa9\x9f\xe6\xb2\x96\xe7\xb8\x84\xe6\x94\xbb\xe6\x92\x83\xe3\x80\x81\xe7\xb1\xb3\xe8\xa3\xbd\xe3\x82\xbd\xe3\x83\x95\xe3\x83\x88\xe3\x81\xa7\xe6\x97\xa5\xe6\x9c\xac\xe5\x88\x97\xe5\xb3\xb6\xe6\xa8\x99\xe7\x9a\x84\xe3\x80\x80@Day_Swing\xe9\x99\xb8\xe4\xb8\x8a\xe3\x82\xa4\xe3\x83\xbc\xe3\x82\xb8\xe3\x82\xb9\xe5\x9f\xba\xe5\x9c\xb0\xe5\x95\x8f\xe9\xa1\x8c\xe3\x81\xa8\xe3\x81\xaf\xef\xbc\x9a2\xe5\x9f\xba\xe3\x81\xae\xe9\x99\xb8\xe4\xb8\x8a\xe3\x82\xa4\xe3\x83\xbc\xe3\x82\xb8\xe3\x82\xb9\xe3\x81\x8c\xe6\xb5\xb7\xe4\xb8\x8a\xe3\x82\xa4\xe3\x83\xbc\xe3\x82\xb8\xe3\x82\xb9\xe8\x89\xa6\xe3\x81\xa8\xe3\x82\xad\xe3\x83\xa3\xe3\x83\x81\xe3\x83\x9c\xe3\x83\xbc\xe3\x83\xab\xe3\x81\x97\xe3\x82\xa2\xe3\x83\xa9\xe3\x82\xb9\xe3\x82\xab\xe3\x81\xa8\xe3\x82\xab\xe3\x83\xaa\xe3\x83\x95\xe3\x82\xa9\xe3\x83\xab\xe3\x83\x8b\xe3\x82\xa2\xe3\x81\xab\xe5\x9c\xa8\xe3\x82\x8b\xe5\x8f\xb8\xe4\xbb\xa4\xe5\xa1\x94\xe3\x81\xa8\xe9\x80\xa3\xe7\xb5\xa1\xe3\x82\x92\xe5\xaf\x86\xe3\x81\xab\xe3\x81\x97\xe3\x81\xaa\xe3\x81\x8c\xe3\x82\x89\xe3\x83\xad\xe3\x82\xb7\xe3\x82\xa2\xe3\x81\xae\xe8\xbb\x8d\xe4\xba\x8b\xe6\x8a\x91\xe6\xad\xa2\xe5\x8a\x9b\xe3\x82\x92\xe5\xa4\xa7\xe5\xb9\x85\xe3\x81\xab\xe2\x80\xa6',0,1
2019-06-19 22:34:24,b'RT @Day_Swing: \xe5\x9b\xbd\xe4\xbc\x9a\xe3\x81\xa7\xe4\xbd\x9c\xe6\x88\x90\xe3\x81\x95\xe3\x82\x8c\xe3\x81\x9f\xe6\xb3\x95\xef\xbc\x88\xe6\xb3\x95\xe5\xbe\x8b\xef\xbc\x89\xef\xbc\x9e\xe5\x9c\xb0\xe6\x96\xb9\xe8\xad\xb0\xe4\xbc\x9a\xe3\x81\xa7\xe4\xbd\x9c\xe6\x88\x90\xe3\x81\x95\xe3\x82\x8c\xe3\x81\x9f\xe6\xb3\x95\xef\xbc\x88\xe6\x9d\xa1\xe4\xbe\x8b\xef\xbc\x89\xe3\x81\xa8\xe3\x81\x84\xe3\x81\x86\xe4\xb8\xbb\xe6\xa8\xa9\xe8\x80\x85\xe5\xb8\x82\xe6\xb0\x91\xe3\x82\x92\xe5\xb7\xae\xe5\x88\xa5\xe3\x81\x99\xe3\x82\x8b\xe4\xba\x8b\xe3\x81\xab\xe3\x81\xaa\xe3\x82\x8a\xe3\x80\x81\n\n\xe5\xb7\xae\xe5\x88\xa5\xe7\xa6\x81\xe6\xad\xa2\xe6\x9d\xa1\xe9\xa0\x85\xef\xbc\x88\xe8\x8b\xb1\xe6\x96\x87\xe6\x86\xb2\xe6\xb3\x9514\xe6\x9d\xa11\xe9\xa0\x85\xef\xbc\x89\xe3\x81\xab\xe9\x81\x95\xe5\x8f\x8d\xe3\x81\x99\xe3\x82\x8b\xe5\xb7\xae\xe5\x88\xa5\xe4\xbd\x8d\xe7\xbd\xae\xe4\xbb\x98\xe3\x81\x91\xe3\x81\xa8\xe3\x81\xaa\xe3\x82\x8a\xe3\x81\xbe\xe3\x81\x99\xe3\x80\x82\n\n\xe3\x81\xaa\xe3\x81\x9c\xe3\x81\xaa\xe3\x82\x89\xe3\x80\x81\xe5\x9b\xbd\xe4\xbc\x9a\xe8\xad\xb0\xe5\x93\xa1\xe3\x82\x82\xe4\xb8\xbb\xe6\xa8\xa9\xe8\x80\x85\xe5\xb8\x82\xe6\xb0\x91\xe3\x81\xae\xe4\xbb\xa3\xe8\xa1\xa8\xe8\x80\x85\xe3\x81\xa7\xe3\x81\x99\xe3\x81\x8c\xe3\x80\x81\xe5\x9c\xb0\xe6\x96\xb9\xe8\xad\xb0\xe5\x93\xa1\xe3\x82\x82\xe4\xb8\xbb\xe6\xa8\xa9\xe8\x80\x85\xe5\xb8\x82\xe6\xb0\x91\xe3\x81\xae\xe4\xbb\xa3\xe8\xa1\xa8\xe8\x80\x85\xe3\x81\xa0\xe3\x81\x8b\xe2\x80\xa6',0,2
2019-06-19 22:30:59,b'\xe6\xad\xb4\xe4\xbb\xa3\xe3\x81\xae\xe6\x9d\xb1\xe4\xba\xac\xe9\x83\xbd\xe7\x9f\xa5\xe4\xba\x8b\xe3\x81\x8c\xe3\x80\x8c\xe7\xb4\x8d\xe7\xa8\x8e\xe5\x85\x88\xe8\x87\xaa\xe5\x8b\x95\xe5\xa4\x89\xe6\x9b\xb4 #\xe3\x82\xaa\xe3\x83\xac\xe3\x82\xaa\xe3\x83\xac\xe8\xa9\x90\xe6\xac\xba\xe3\x80\x8d\xe3\x81\xae\xe9\xa6\x96\xe8\xac\x80\xe8\x80\x85\xe3\x81\xa0\xe3\x81\xa3\xe3\x81\x9f\xe3\x81\xa8\xe3\x81\x84\xe3\x81\x86\xe9\xa9\x9a\xe6\x84\x95\xe3\x81\xae\xe4\xba\x8b\xe5\xae\x9f\xe3\x81\xa7\xe3\x81\x99\xe3\x80\x82\xe3\x81\xaa\xe3\x81\x9c\xe3\x81\xaa\xe3\x82\x89\xe3\x80\x8123\xe5\x8c\xba\xe6\xb0\x91\xe3\x81\x8c\xe7\xb4\x8d\xe3\x82\x81\xe3\x81\x9f\xe5\x9b\xba\xe5\xae\x9a\xe8\xb3\x87\xe7\x94\xa3\xe7\xa8\x8e\xe3\x81\xa8\xe6\xb3\x95\xe4\xba\xba\xe4\xbd\x8f\xe6\xb0\x91\xe7\xa8\x8e\xe3\x81\xae\xe7\xb4\x8d\xe7\xa8\x8e\xe5\x85\x88\xe3\x81\x8c\xe8\x87\xaa\xe5\x8b\x95\xe7\x9a\x84\xe3\x81\xab\xe5\xa4\x89\xe6\x9b\xb4\xe3\x81\x95\xe3\x82\x8c\xe3\x81\xa6\xe3\x80\x81\xe3\x83\x8a\xe3\x83\xb3\xe3\x83\x88\xe3\x80\x8c\xe6\x9d\xb1\xe4\xba\xac\xe9\x83\xbd\xe3\x80\x8d\xe3\x81\xab\xe7\xb4\x8d\xe5\x85\xa5\xe3\x81\x95\xe3\x82\x8c\xe3\x81\xa6\xe3\x81\x97\xe3\x81\xbe\xe3\x81\xa3\xe3\x81\xa6\xe3\x81\x84\xe3\x82\x8b\xe7\x8a\xb6\xe6\x85\x8b\xe3\x81\x8c\xe3\x80\x81\xe3\x83\x8a\xe3\x83\xb3\xe3\x83\x88\xe3\x80\x8170\xe5\xb9\xb4\xe4\xbb\xa5\xe2\x80\xa6 https://t.co/S0C1FOKjxV',0,0
2019-06-19 22:22:20,b'12\xe6\xad\xb3\xe9\x95\xb7\xe5\xa5\xb3\xe3\x81\xab\xe6\x80\xa7\xe7\x9a\x84\xe6\x9a\xb4\xe8\xa1\x8c \xe7\x84\xa1\xe7\xbd\xaa\xe5\x88\xa4\xe6\xb1\xbahttps://t.co/YX1bI0n1VB  \n\xe5\xa4\xa7\xe6\x97\xa5\xe6\x9c\xac\xe5\xb8\x9d\xe5\x9b\xbd\xe6\x86\xb2\xe6\xb3\x95\xe4\xb8\x8b\xe3\x81\xab\xe5\x9c\xa8\xe3\x82\x8b\xe6\x97\xa5\xe6\x9c\xac\xe3\x81\xa7\xe3\x81\xaf\xe7\x97\xb4\xe6\xbc\xa2\xe3\x81\xaf\xe7\x8a\xaf\xe7\xbd\xaa\xe3\x81\xa7\xe3\x81\x99\xe3\x81\x8c\xe3\x80\x81\xe3\x83\xac\xe3\x82\xa4\xe3\x83\x97\xe3\x81\xaf\xe5\x90\x88\xe6\x86\xb2\xe3\x81\xa8\xe3\x81\xaa\xe3\x82\x8b\xe5\xa0\xb4\xe5\x90\x88\xe3\x81\x8c\xe3\x81\x82\xe3\x82\x8a\xe3\x81\xbe\xe3\x81\x99\xe2\x86\x90\xe7\x90\x86\xe7\x94\xb1\xef\xbc\x9a\xe5\xa4\xa7\xe6\x97\xa5\xe6\x9c\xac\xe5\xb8\x9d\xe5\x9b\xbd\xe6\x86\xb2\xe6\xb3\x95\xe3\x81\xa8\xe6\x95\xb4\xe5\x90\x88\xe6\x80\xa7\xe3\x81\x8c\xe5\x8f\x96\xe3\x82\x8c\xe3\x82\x8b\xe5\x88\x91\xe6\xb3\x95\xef\xbc\x88\xe5\xa5\xb3\xe6\x80\xa7\xe3\x81\xae\xe5\x90\x8c\xe6\x84\x8f\xe3\x81\x8c\xe7\x84\xa1\xe3\x81\x8f\xe3\x81\xa6\xe3\x82\x82\xe3\x80\x81\xe2\x80\xa6 https://t.co/XyOnccqGPe',0,0
2019-06-19 15:12:07,b'\xe4\xba\xba\xe6\xa8\xa9\xe6\x84\x8f\xe8\xad\x98\xe3\x82\x82\xe4\xb8\x89\xe6\xa8\xa9\xe5\x88\x86\xe7\xab\x8b\xe3\x81\xae\xe6\x84\x8f\xe8\xad\x98\xe7\x84\xa1\xe3\x81\x97\xe5\xa4\xa7\xe6\x97\xa5\xe6\x9c\xac\xe5\xb8\x9d\xe5\x9b\xbd\xe6\x86\xb2\xe6\xb3\x95\xe4\xb8\x8b\xe3\x81\xae\xe6\x97\xa5\xe6\x9c\xac\xe3\x81\xa0\xe3\x81\xa8\xe6\x80\x9d\xe3\x81\x86\xe2\x86\x92\xe6\x97\xa5\xe6\x9c\xac\xe3\x81\x8c\xe5\xbe\x93\xe8\xbb\x8d\xe6\x85\xb0\xe5\xae\x89\xe5\xa9\xa6\xe5\x95\x8f\xe9\xa1\x8c\xe3\x81\xae\xe7\x9c\x9f\xe5\x81\xbd\xe3\x82\x92\xe8\xa6\x8b\xe5\x88\x86\xe3\x81\x91\xe3\x82\x8b\xe4\xba\x8b\xe3\x82\x92\xe6\x8b\x92\xe5\x90\xa6\xe7\xb6\x9a\xe3\x81\x91\xe3\x82\x8b\xe7\x90\x86\xe7\x94\xb1\xe3\x80\x8c\xe6\x97\xa5\xe6\x9c\xac\xe3\x81\xa7\xe3\x81\xaf\xe5\x88\x91\xe6\xb3\x95\xe3\x81\x8c\xe6\x9c\xaa\xe3\x81\xa0\xe3\x81\xab\xe5\x90\x88\xe6\xb3\x95\xe3\x83\xac\xe3\x82\xa4\xe3\x83\x97\xe3\x82\x92\xe5\x85\xac\xe8\xaa\x8d\xe3\x81\x97\xe3\x81\xa6\xe3\x81\x84\xe3\x82\x8b\xe3\x80\x8d\xe3\x81\x8b\xe3\x82\x89.\xe4\xbb\x8a\xe3\x82\x82\xe5\xa4\xa7\xe6\x97\xa5\xe6\x9c\xac\xe5\xb8\x9d\xe5\x9b\xbd\xe6\x86\xb2\xe6\xb3\x95\xe4\xb8\x8b\xe3\x81\xab\xe3\x81\x82\xe3\x82\x8b\xe6\x97\xa5\xe6\x9c\xac\xe3\x81\xae\xe5\xa5\xb3\xe6\x80\xa7\xe3\x82\x92\xe5\xa0\x82\xe3\x80\x85\xe3\x81\xa8\xe5\x90\x88\xe6\xb3\x95\xe3\x83\xac\xe3\x82\xa4\xe3\x83\x97\xe3\x81\xa7\xe3\x81\x8d\xe3\x82\x8b\xe3\x81\xae\xe2\x80\xa6 https://t.co/ClalphPiH5',0,0
2019-06-21 14:54:18,b'Cool down with our crab salad\xf0\x9f\xa6\x80\xf0\x9f\x8d\x89 And grab a G.O. #coozie while you\xe2\x80\x99re here! \n.\n.\n.\n#crabsalad #chseats #charleston\xe2\x80\xa6 https://t.co/ymjCbUqzG7',0,0
2019-06-21 14:54:18,"b'RT @CharmedbyBonnie: Fun Turquoise Boho Earrings, Cluster, Dangle Drop, Glass Bead, Copper, Bohemian Boho Chic Jewelry, Gift For Her https:\xe2\x80\xa6'",0,2
2019-06-21 14:54:17,b'RT @mrDarkLab: @realDonaldTrump Iran escaped their sea of glass because Trump has a huge heart! Great President! Loves Human Life!! Trump20\xe2\x80\xa6',0,6
2019-06-21 14:54:14,"b'\xd0\xa7\xd0\xb5\xd1\x80\xd1\x82, \xd1\x8f \xd0\xbf\xd0\xbe\xd0\xb4\xd1\x83\xd0\xbc\xd0\xb0\xd0\xbb\xd0\xb0 \xd0\xbe \xd1\x82\xd0\xbe\xd0\xbc \xd1\x87\xd1\x82\xd0\xbe \xd0\xb4\xd1\x83\xd1\x8d\xd1\x82 \xd0\x92\xd0\xbe\xd0\xb7\xd0\xbb\xd1\x8e\xd0\xb1\xd0\xbb\xd0\xb5\xd0\xbd\xd0\xbd\xd1\x8b\xd1\x85 \xd0\xbf\xd0\xbe\xd1\x85\xd0\xbe\xd0\xb6 \xd0\xbd\xd0\xb0  \xd0\xb4\xd1\x83\xd1\x8d\xd1\x82 \xd0\xaf\xd0\xbe\xd0\xaf\xd0\xbd \xd0\xa5\xd0\x9c\ni like it'",0,0
2019-06-21 14:54:11,b'RT @Fact: Drinking a cold glass of water in the morning will wake you faster than a cup of coffee. Apples are also better.',0,120
2019-06-21 14:54:11,b'@Cbp8Cindy @Julianna_glass @PoloOrtiz9 @Jay_Rombach @JustMyTweet @JustJaneOK @Adventuringgal @Adaliabrand8 @Oggs26\xe2\x80\xa6 https://t.co/JcLVX3hjCH',0,0
2019-06-21 14:54:05,b'@Claud_Mendoza @OwenJones84 It\xe2\x80\x99s about men. Not political parties. Glass houses?',0,0
2019-06-21 14:53:56,"b'@FaeDemeter \xe2\x80\x9cBreak.\xe2\x80\x9d And the portal the fae wolf just stepped through obeyed, shattering like glass dropped on the\xe2\x80\xa6 https://t.co/gPYf7SO96V'",0,0
2019-06-21 14:53:54,b'@ja2cook @DavidFoyn Happy Friday J.! Going to a local festival this weekend and get together with friends. How about you?',0,0
2019-06-21 14:53:53,b'A glass of wine to end my internship. \xe2\x98\xba\xef\xb8\x8f https://t.co/mOUeXRUtXs',0,0
2019-06-21 14:54:19,b'\xe0\xb8\x82\xe0\xb8\xb2\xe0\xb8\xa2 \xe0\xb8\xab\xe0\xb8\xb9\xe0\xb8\xab\xe0\xb8\xb1\xe0\xb8\x94\xe0\xb8\x88\xe0\xb8\xb1\xe0\xb8\x9a\xe0\xb8\xaa\xe0\xb8\xb3\xe0\xb8\xab\xe0\xb8\xa3\xe0\xb8\xb1\xe0\xb8\x9a\xe0\xb8\x82\xe0\xb8\xa7\xe0\xb8\x94\xe0\xb8\x99\xe0\xb8\xa1 Tommee Tippee Bottle Handles \xe0\xb8\x82\xe0\xb8\xad\xe0\xb8\x87\xe0\xb9\x81\xe0\xb8\x97... \xe0\xb9\x83\xe0\xb8\x99\xe0\xb8\xa3\xe0\xb8\xb2\xe0\xb8\x84\xe0\xb8\xb2 \xe0\xb8\xbf199 \xe0\xb9\x83\xe0\xb8\x99 #ShopeeTH \xe0\xb8\x95\xe0\xb8\xad\xe0\xb8\x99\xe0\xb8\x99\xe0\xb8\xb5\xe0\xb9\x89!\xe2\x80\xa6 https://t.co/jr8WyAELmU',0,0
2019-06-21 14:54:18,b'RT @laura_luna: Tbh I want a \xe2\x80\x9cbody posi\xe2\x80\x9d thread of fat people in swimwear...I\xe2\x80\x99ll start. My 40th bday trip to JTree last year with a bottle\xe2\x80\xa6',0,1234
2019-06-21 14:54:17,b'@JasMoneyRecords Put it in a spritz bottle and keep itnin the fridge.  Def cooling and refreshing.  When youve used\xe2\x80\xa6 https://t.co/OBQSHykUxC',0,0
2019-06-21 14:54:13,b'Could go a cold bottle of buckfast\xf0\x9f\x98\x9b',0,0
2019-06-21 14:54:11,"b'@RemyCointreauG celebrates its 170th anniversary in a big way: versions of its four iconic cocktails, interactive p\xe2\x80\xa6 https://t.co/uzZ5TjJ3jb'",0,0
2019-06-21 14:54:11,"b""@seePyou @jembawls I have a bottle of the finest, it's going to be a productive weekend \xf0\x9f\xa4\xaa""",0,0
2019-06-21 14:54:10,b'From wash bottle to water bottle \xf0\x9f\x98\x82\xf0\x9f\x98\x82 uhaw na gid? Ha? Hahahahaha!!!',0,0
2019-06-21 14:54:09,"b'RT @DSWT: Kiombo enjoys his afternoon bottle of milk, one of 16 bottles we feed him every day to ensure he grows strong &amp; healthy. Get a se\xe2\x80\xa6'",0,93
2019-06-21 14:54:08,b'RT @rukhsxr_: when you\xe2\x80\x99re in the shower and the shampoo bottle falls and then all the other bottles near it fall too  https://t.co/mFVRx5o2\xe2\x80\xa6',0,328
2019-06-21 14:54:07,"b'RT @shehlaruby: As received from my Firefighting Consultant, please continue to forward as Sadqa-e-Jaria:\nKeep 1 or 2 bottles of Coca-Cola\xe2\x80\xa6'",0,8
2019-06-21 14:54:07,b'RT @__killaakelz: Shedd aquarium is hosting a beach (12th st beach) clean up on july 10th. You can register on their website all you need i\xe2\x80\xa6',0,1696
2019-06-21 14:54:07,b'RT @__killaakelz: Shedd aquarium is hosting a beach (12th st beach) clean up on july 10th. You can register on their website all you need i\xe2\x80\xa6',0,1696
2019-06-21 14:54:06,b'RT @BarclaysCorp: Wolverhampton. A city where the people bottle up their passion for the Old Gold. Watch the full #GameChanging story here:\xe2\x80\xa6',0,10
2019-06-21 14:54:03,b'I need a face mask and a bottle of vodka',0,0
