2019-06-17 05:40:17,b'A BEGINNER\xe2\x80\x99S GUIDE TO CLIMATE CHANGE https://t.co/ERiYnIcZZI via @makeandmendyear #SustainableLifestyle https://t.co/Dph8pW5nco',0,0
2019-06-17 04:31:15,b'Duces-\n.\n.\n.\n\n.\n.\n#zag1 \n#healthylifestyle \n#sustainablelifestyle \n#kernactivetransportation https://t.co/lAIvJPAMq3',0,0
2019-06-17 04:26:25,b'#zag1 \n.\n.\n.\n.\n.\n.\n.\n.\n#fathersday2019 \n#healthylifestyle \n#sustainablelifestyle \n#bakersfieldcalifornia \n#mtb\xe2\x80\xa6 https://t.co/K6dT7oceR2',1,0
2019-06-17 04:22:48,b'#fathersday2919 #zag1 \n#bakersfieldcalifornia \n#sustainablelifestyle \n#healthylifestyle \n#tehachapimountains #mtb https://t.co/KqEvK5nv3Q',1,0
2019-06-17 03:14:38,b'RT @lozantonenko: Natural diffuser blends are easy to make &amp; can work wonders for your health. Find out more about how to make blends or bu\xe2\x80\xa6',0,1
2019-06-17 02:19:49,b'Flora-\n.\n.\n.\n.\n.\n#zag1 \n#healthylifestyle \n#sustainablelifestyle \n#bakersfieldcalifornia \n#kernactivetransportation https://t.co/GRJTZh2N8y',0,0
2019-06-17 02:00:23,b'Natural diffuser blends are easy to make &amp; can work wonders for your health. Find out more about how to make blends\xe2\x80\xa6 https://t.co/axcC7IVfhN',1,1
2019-06-16 17:00:15,b'3 Tips For Living a More Sustainable Lifestyle https://t.co/HA6nhtE7GU #tips #living #sustainablelifestyle',0,0
2019-06-16 16:26:10,"b'RT @PatVillaceran: https://t.co/Ya7i0H4LwN - On #menthealth, #sustainablelifestyle, and #socialmedia.\n\nThanks for the recommendation @Micha\xe2\x80\xa6'",0,1
2019-06-16 11:22:50,b'RT @lozantonenko: \xf0\x9f\x92\xaa You have the power to create the best life possible for yourself and your family \xf0\x9f\x92\x9d \xf0\x9f\x91\xaf\xe2\x80\x8d\xe2\x99\x80\xef\xb8\x8f\xf0\x9f\x8c\x8f\n\xe2\x80\xa2\n#healthcoach #coach #lifesty\xe2\x80\xa6',0,1
2019-06-16 09:00:30,b'\xf0\x9f\x92\xaa You have the power to create the best life possible for yourself and your family \xf0\x9f\x92\x9d \xf0\x9f\x91\xaf\xe2\x80\x8d\xe2\x99\x80\xef\xb8\x8f\xf0\x9f\x8c\x8f\n\xe2\x80\xa2\n#healthcoach #coach\xe2\x80\xa6 https://t.co/VP3JOIZoEh',2,1
2019-06-16 01:40:21,b'RT @ZacAllyn: Jump in the fire-\n.\n.\n.\n.\n.\n.\n#zag1 \n#cycling \n#bicycle \n#healthylifestyle \n#sustainablelifestyle \n#bakersfieldcalifornia \n#k\xe2\x80\xa6',0,1
2019-06-16 01:32:10,b'Jump in the fire-\n.\n.\n.\n.\n.\n.\n#zag1 \n#cycling \n#bicycle \n#healthylifestyle \n#sustainablelifestyle\xe2\x80\xa6 https://t.co/ApB4kALCf3',0,1
2019-06-15 19:32:04,"b""You can never have enough t-shirts, especially if it's vegan made from 100% organic cotton \xf0\x9f\x98\xae\xf0\x9f\x98\x8dOnly at\xe2\x80\xa6 https://t.co/8ZhHcv5cOI""",0,0
2019-06-15 14:01:21,b'Jacob and his nephew Nolan-\n.\n.\n.\n.\n.\n#babies #sustainablelifestyle #healthylifestyle #happy #happybaby @ Bakersfie\xe2\x80\xa6 https://t.co/OYqHvtrYg7',0,0
2019-06-15 06:10:10,b'Excited to be a part of #HotelClarksAmer #FarmersMarketJaipur this #Sunday and looking forward to seeing you all ou\xe2\x80\xa6 https://t.co/aSfp6SZhCD',0,0
2019-06-15 01:38:50,b'Enjoy your tea time #skipplasticstraws #savenature\xf0\x9f\x8c\x8e #ecofriendly #environmentfriendly #sustainablelifestyle\xe2\x80\xa6 https://t.co/rzBlnzQJHS',0,0
2019-06-14 21:28:38,b'Thank you to all employee participants for making this drive a success.\n\n#blooddrive #oneblood #BtheChange\xe2\x80\xa6 https://t.co/ZEvgY1R8Sm',1,0
2019-06-14 20:20:03,b'POLO by RALPH LAUREN vintage silk pocket square....#pocketsquare #ralphlauren #polo #silk #gentleman #geometric\xe2\x80\xa6 https://t.co/EDWstT7uLr',0,0
2019-06-14 19:25:02,"b""Cheers to the weekend !  \nNo matter what your plans, let's leave only the lightest of footprints on beautiful Mothe\xe2\x80\xa6 https://t.co/OdFWNZIwxs""",0,0
2019-06-14 17:58:01,b'My face when I rock vegan fashion in style \xf0\x9f\x98\x9c\xf0\x9f\x98\x8a\xe2\x9d\xa4\xef\xb8\x8fOnly at https://t.co/47YoUN1baF\n#veenofs #vegancommunity\xe2\x80\xa6 https://t.co/kikQXYpyxl',0,0
2019-06-14 11:52:33,b'sustainablefashion #ethicalbrand #fashionrevolution #sustainablelifestyle #ecoapparel #eco #consciousconsumer\xe2\x80\xa6 https://t.co/ohsGDkLkS2',1,0
2019-06-13 21:00:12,"b""This mantra is so true! Get motivated now. Go and do your workout and you'll never regret it later.\n\xe2\x80\xa2\n#workout\xe2\x80\xa6 https://t.co/zQ5yJU2vxS""",0,0
2019-06-13 18:40:40,"b""SIGN UP NOW | Link in profile. Events, contests, tips &amp; more. First newsletter just went out - don't miss out!\n\xe2\x99\xbb\xef\xb8\x8f\xe2\x80\xa6 https://t.co/EsCrLDDBGB""",0,0
2019-06-13 17:55:59,"b""SIGN UP NOW | Link in profile. Events, contests, tips &amp; more. First newsletter just went out - don't miss out!\n\xe2\x99\xbb\xef\xb8\x8f\xe2\x80\xa6 https://t.co/tfTGaPfGeM""",0,0
2019-06-13 16:10:31,b'RT @ADB_HQ: Drastic shift in city lifestyles urged to avert #climatecrisis https://t.co/qy4bMvUNZr via @TRF_Stories #SustainableLifestyle h\xe2\x80\xa6',0,1
2019-06-13 15:30:25,b'Drastic shift in city lifestyles urged to avert #climatecrisis https://t.co/qy4bMvUNZr via @TRF_Stories\xe2\x80\xa6 https://t.co/enstqv80F9',0,1
2019-06-13 14:35:07,b'Far &amp; beyond we go while completing one year of bringing Sustainables to your home !\n\nWe are delighted that we will\xe2\x80\xa6 https://t.co/TY8ndn1Qwd',0,0
2019-06-13 13:01:25,b'Drastic shift in city lifestyles urged to avert #climatecrisis https://t.co/TgmI2Ylo4Y via @TRF_Stories\xe2\x80\xa6 https://t.co/VyIGixZRyH',0,0
2019-06-13 11:14:02,b'An interesting read from @Sunday_Post showing the rise of slow fashion and sustainability as a whole. Excited to se\xe2\x80\xa6 https://t.co/bVl7GV93ur',3,0
2019-06-13 09:00:04,b'\xe2\x80\xa2\n#healthcoach #coach #lifestyle #fitness #sustainablelifestyle #grownwellness #levelup #lozantonenko\xe2\x81\xa3 #courage\xe2\x81\xa3\xe2\x80\xa6 https://t.co/YVqvjKLZTW',0,0
2019-06-13 05:13:21,b'[036] HOW TO TALK TO OUR KIDS ABOUT CLIMATE CHANGE https://t.co/ePG07Bvh8M via @makeandmendyear\xe2\x80\xa6 https://t.co/2a8xAfS3zW',0,0
2019-06-12 22:01:13,b'Made From 100% Recycled Plastic. Grab yours at Coles https://t.co/bEORkfXOg5\n\n#Jordanaustralia #Jordantoothbrush\xe2\x80\xa6 https://t.co/7Q3MHBBgp4',0,0
2019-06-12 16:10:19,b'The Fine Art of Landscaping #ItalianPlanters #Qatar #Indoor_Outdoor_Plants #LandscapeMaintenance #PlantingSeeds\xe2\x80\xa6 https://t.co/anZjDmcJRm',0,0
2019-06-12 00:00:12,b'#KireiLifestyle is about leading a #sustainableLifestyle Just how #sustainable are you? \xe2\x99\xbb\xef\xb8\x8f Take @BBCEarth quiz to f\xe2\x80\xa6 https://t.co/BnP9rLPoVy',3,0
2019-06-11 20:02:32,b'Love Gang vegan t-shirts \xe2\x9c\x8c\xf0\x9f\x8f\xbc\xe2\x9d\xa4\xef\xb8\x8f Only at https://t.co/47YoUN1baF\n#veenofs #vegancommunity #veganlove #ethicallysourced\xe2\x80\xa6 https://t.co/DuKEYP4765',1,0
2019-06-11 15:45:17,"b'Simple grooming essentials with @BYoga BTowel, Routine Cream Johnny Cash Natural Deodorant, @audreleighbeauty exfol\xe2\x80\xa6 https://t.co/R5Och2hDGD'",0,0
2019-06-11 15:21:46,b'The Very Best Indoor Plants You Can Buy. \nVisit Our Website -: https://t.co/Lkz3xLxKvC\n#ItalianPlanters #Qatar\xe2\x80\xa6 https://t.co/FRCZXUVvct',0,0
2019-06-11 13:41:17,"b'Already in 2016, Germany has launched a bicycle highway connecting 10 cities and 4 universities. The goal is to tak\xe2\x80\xa6 https://t.co/3Xop8Xcadk'",1,0
2019-06-11 11:14:02,b'Chester is going to be having their first ever sustainable fair in Grosvenor Park! It is amazing to see education o\xe2\x80\xa6 https://t.co/ka4aklWaBt',1,0
2019-06-10 21:01:21,b'Are you skinny fat? \xf0\x9f\x98\xb1 You could be skinny but have high fat levels and the same medical issues as an obese person.\xe2\x80\xa6 https://t.co/St6Ox3TIaz',0,0
2019-06-10 09:00:06,b'Create your own natural fragrance! \xf0\x9f\x91\x83\xf0\x9f\x98\x98 Smell great and feel great using only natural oils. Try this luscious lavende\xe2\x80\xa6 https://t.co/LredR8DBte',0,0
2019-06-09 22:00:42,b'Grab yours today at Coles https://t.co/0IwAgODir9\n\n#Jordanaustralia #Jordantoothbrush #JordanSoMe\xe2\x80\xa6 https://t.co/LymPvuEV2I',1,0
2019-06-09 19:08:12,b'Add these vegan heels \xf0\x9f\x91\xa0 to your shoe collection. Made from microsuede and faux vegan leather \xe2\x9c\x8c\xf0\x9f\x8f\xbc Only at\xe2\x80\xa6 https://t.co/FXYibUaxMt',0,0
2019-06-09 11:58:50,"b'RT @BJPSanjayJoshi: \xe0\xa4\x85\xe0\xa4\x97\xe0\xa4\xb0 \xe0\xa4\xb9\xe0\xa4\xae\xe0\xa5\x87\xe0\xa4\x82 \xe0\xa4\xaa\xe0\xa4\xb0\xe0\xa5\x8d\xe0\xa4\xaf\xe0\xa4\xbe\xe0\xa4\xb5\xe0\xa4\xb0\xe0\xa4\xa3 \xe0\xa4\x95\xe0\xa5\x80 \xe0\xa4\x97\xe0\xa5\x81\xe0\xa4\xa3\xe0\xa4\xb5\xe0\xa4\xa4\xe0\xa5\x8d\xe0\xa4\xa4\xe0\xa4\xbe \xe0\xa4\xae\xe0\xa5\x87\xe0\xa4\x82 \xe0\xa4\xb8\xe0\xa5\x81\xe0\xa4\xa7\xe0\xa4\xbe\xe0\xa4\xb0 \xe0\xa4\xb2\xe0\xa4\xbe\xe0\xa4\xa8\xe0\xa4\xbe \xe0\xa4\xb9\xe0\xa5\x88 \xe0\xa4\xa4\xe0\xa5\x8b \xe0\xa4\x95\xe0\xa5\x87\xe0\xa4\xb5\xe0\xa4\xb2 \xe0\xa4\x8f\xe0\xa4\x95 \xe0\xa4\xb9\xe0\xa5\x80 \xe0\xa4\xa4\xe0\xa4\xb0\xe0\xa5\x80\xe0\xa4\x95\xe0\xa4\xbe \xe0\xa4\xb9\xe0\xa5\x88, \xe0\xa4\xb8\xe0\xa4\xac\xe0\xa4\x95\xe0\xa5\x8b \xe0\xa4\xb6\xe0\xa4\xbe\xe0\xa4\xae\xe0\xa4\xbf\xe0\xa4\xb2 \xe0\xa4\x95\xe0\xa4\xb0\xe0\xa4\xa8\xe0\xa4\xbe\xe0\xa5\xa4 #WorldEnvironmentDay #environm\xe2\x80\xa6'",0,35
2019-06-09 10:31:18,"b'https://t.co/Ya7i0H4LwN - On #menthealth, #sustainablelifestyle, and #socialmedia.\n\nThanks for the recommendation\xe2\x80\xa6 https://t.co/SveWYYAtMz'",2,1
2019-06-09 06:42:31,"b""' Put Your Landscape Maintenance in the Hands of Someone Who Really Cares'.\n#ItalianPlanters #Qatar\xe2\x80\xa6 https://t.co/VFHfqmoNSi""",0,0
2019-06-08 23:55:05,b'How perfect is this vintage inspired planter?? \xf0\x9f\x98\x80 I was feeling inspired to make use of older items we have around t\xe2\x80\xa6 https://t.co/TnQcSMcXsE',1,0
2019-06-08 13:36:01,"b'#sustainableliving is slow process, but with efforts in right direction will definitely give fruits.\xe2\x80\xa6 https://t.co/wEwb7l5mYc'",0,0
2019-06-08 06:33:42,b'Office plants - Create a space that looks and feels amazing.\n#ItalianPlanters #Qatar #Indoor_Outdoor_Plants\xe2\x80\xa6 https://t.co/HaUDRCylMX',0,0
2019-06-08 02:00:03,"b""Life's challenges are easier when you're fit enough to kick their a###!\n\xe2\x80\xa2\n#healthcoach #coach #lifestyle #fitness\xe2\x80\xa6 https://t.co/UwRPy6otjA""",2,0
2019-06-17 02:15:28,b'\xe3\x83\x89\xe3\x83\xaa\xe3\x83\xb3\xe3\x82\xaf\xe3\x81\xae\xe3\x83\x99\xe3\x82\xb9\xe3\x83\x88\xe3\x82\xbb\xe3\x83\xa9\xe3\x83\xbc  Perrier/\xe3\x83\x9a\xe3\x83\xaa\xe3\x82\xa8 750ml\xc3\x9712\xe6\x9c\xac \xe7\x93\xb6/glassbottle https://t.co/STQxKgVFIT',0,0
2019-06-16 19:57:42,b'#bacon #love #true4u #bottle #drink #alcoholicbeverage #glassbottle #alcohol #liqueur #wine #glass #pub #slurp #bar\xe2\x80\xa6 https://t.co/RL1TtYufMC',0,0
2019-06-16 19:55:40,b'Armaz\xc3\xa9m da cerveja #drink #bottle #glassbottle #alcoholicbeverage #beer #wheatbeer #distilledbeverage #barware\xe2\x80\xa6 https://t.co/yGosDBUH4C',1,0
2019-06-16 18:50:40,b'Does anyone know if there is a #glassbottle #home #milkdelivery in #Inverurie? Please and thank you',0,0
2019-06-16 17:37:24,b'Well done Preluna Hotel #ecofriendly #savetheenvironmemt #savetheenvironment\xe2\x99\xbb\xef\xb8\x8f #waterbottle #glassbottle #ecopolicy\xe2\x80\xa6 https://t.co/JVUPN2TMh2',0,0
2019-06-16 02:15:28,b'\xe3\x83\x89\xe3\x83\xaa\xe3\x83\xb3\xe3\x82\xaf\xe3\x81\xae\xe3\x83\x99\xe3\x82\xb9\xe3\x83\x88\xe3\x82\xbb\xe3\x83\xa9\xe3\x83\xbc  Perrier/\xe3\x83\x9a\xe3\x83\xaa\xe3\x82\xa8 750ml\xc3\x9712\xe6\x9c\xac \xe7\x93\xb6/glassbottle https://t.co/STQxKgVFIT',0,0
2019-06-15 20:19:33,b'5 Mini Glass Bottles Vials with Cork Stoppers | 11mm x 22mm https://t.co/65rtO0IJkg #Etsy #BeadsBitznBopz\xe2\x80\xa6 https://t.co/iX5guPDeZM',0,0
2019-06-15 12:37:19,b'RT @LampworkBench: Love how this custom perfume bottle came out!\nAsk what we can make 4 you https://t.co/v0b96YKe40\n#handmade #handblown #g\xe2\x80\xa6',0,109
2019-06-15 11:14:06,b'\xea\xb7\x80\xec\xb0\xae\xec\x9d\x80\xeb\x8d\xb0',0,0
2019-06-15 11:14:01,b'\xeb\xa7\x88\xeb\x9d\xbc\xed\x83\x95 \xec\x8b\x9c\xed\x82\xac\xea\xb9\x8c',0,0
2019-06-15 08:39:26,b'First delivery.  Do they deliver to you? @milkandmore #milkandmore #sustainable #Sustainability #glassbottle\xe2\x80\xa6 https://t.co/vBgcdceHV7',2,0
2019-06-15 06:53:27,b'Need a spray top? We\xe2\x80\x99ve got you covered! \xf0\x9f\x91\x8b\xf0\x9f\x8f\xbb\nhttps://t.co/QQtJ6a88KR \n#spraytop #glassbottle #essentialoils #vape\xe2\x80\xa6 https://t.co/OTFwIT0b7o',1,0
2019-06-15 03:16:51,b'Used #GlassPainting to #upcycle and make a #planter. #GoGreen #diy #diyhomedecor #glassbottle #bottleart https://t.co/kVeK8ylA96',0,0
2019-06-15 02:15:28,b'\xe3\x83\x89\xe3\x83\xaa\xe3\x83\xb3\xe3\x82\xaf\xe3\x81\xae\xe3\x83\x99\xe3\x82\xb9\xe3\x83\x88\xe3\x82\xbb\xe3\x83\xa9\xe3\x83\xbc  Perrier/\xe3\x83\x9a\xe3\x83\xaa\xe3\x82\xa8 750ml\xc3\x9712\xe6\x9c\xac \xe7\x93\xb6/glassbottle https://t.co/STQxKgVFIT',0,0
2019-06-14 23:54:56,"b'Whether you\xe2\x80\x99re #brewing for everyday personal use, as a special holiday treat or a gift,it\xe2\x80\x99s not enough that you pl\xe2\x80\xa6 https://t.co/u1JQJn72Uw'",1,1
2019-06-14 20:58:01,b'Portable Insulated Glass Water Bottle Dual-layer Juice Tea Bottle with Filter\nClick here&gt;&gt;https://t.co/JMKlaUttRs\xe2\x80\xa6 https://t.co/iu55IbsMwB',3,0
2019-06-14 18:55:07,b'Ready for the weekend! #Lifefactory #GlassBottle \xf0\x9f\x93\xb7: @embracing_victorious_living https://t.co/s79kd0697u',0,0
2019-06-14 11:34:56,"b""RT @Ignition_Bath: A quick look at some work-in-progress #3DRendering we've been working on recently. Glass and #reflections can be tricky\xe2\x80\xa6""",0,1
2019-06-14 11:30:17,"b""A quick look at some work-in-progress #3DRendering we've been working on recently. Glass and #reflections can be tr\xe2\x80\xa6 https://t.co/0NDvOHASj6""",1,1
2019-06-14 04:04:33,b'\xec\x84\x9c\xeb\xb8\x8c \xeb\xa7\x8c\xeb\x93\xa4\xea\xb8\xb0 \xea\xb7\x80\xec\xb0\xae',0,0
2019-06-14 03:54:38,b'850 ml Glass Globe decanter with 2 glasses in stocked.\nSmall order quantity is supported... \n#decanter #glassware\xe2\x80\xa6 https://t.co/YvfigRyFXk',1,0
2019-06-14 02:15:28,b'\xe3\x83\x89\xe3\x83\xaa\xe3\x83\xb3\xe3\x82\xaf\xe3\x81\xae\xe3\x83\x99\xe3\x82\xb9\xe3\x83\x88\xe3\x82\xbb\xe3\x83\xa9\xe3\x83\xbc  Perrier/\xe3\x83\x9a\xe3\x83\xaa\xe3\x82\xa8 750ml\xc3\x9712\xe6\x9c\xac \xe7\x93\xb6/glassbottle https://t.co/STQxKgVFIT',0,0
2019-06-13 11:06:33,b'RT @hakjum_CBA: \xeb\xb6\x80\xed\x83\x81\xed\x95\xa0 \xeb\x95\x8c \xec\x93\xb8 \xec\x88\x98 \xec\x9e\x88\xeb\x8a\x94 \xeb\x8c\x80\xed\x95\x99\xec\x9d\xbc\xea\xb8\xb0 \xec\x9d\xb4\xeb\xaa\xa8\xed\x8b\xb0\xec\xbd\x98\xec\x9d\x84 \xeb\xa7\x8c\xeb\x93\xa4\xec\x97\x88\xec\x8a\xb5\xeb\x8b\x88\xeb\x8b\xa4\xf0\x9f\x98\x89\nhttps://t.co/97dg13irbe https://t.co/zqj1mcvbPh',0,7438
2019-06-13 10:01:40,"b""If you aren't local to any of our stockists there are lots of other places to pick up your glass bottled milk and h\xe2\x80\xa6 https://t.co/R3jRi3XFi7""",0,0
2019-06-13 02:15:29,b'\xe3\x83\x89\xe3\x83\xaa\xe3\x83\xb3\xe3\x82\xaf\xe3\x81\xae\xe3\x83\x99\xe3\x82\xb9\xe3\x83\x88\xe3\x82\xbb\xe3\x83\xa9\xe3\x83\xbc  Perrier/\xe3\x83\x9a\xe3\x83\xaa\xe3\x82\xa8 750ml\xc3\x9712\xe6\x9c\xac \xe7\x93\xb6/glassbottle https://t.co/STQxKgVFIT',0,0
2019-06-12 22:50:47,b'RT @InfoAffair: Excited to share the latest addition to my #etsy shop: Unusual Vintage Glass &amp; Silver Scent  Bottle #vintage #collectables\xe2\x80\xa6',0,1
2019-06-12 16:31:30,b'#GlassPainting #Debut. Day well spent! Learning something new is fulfilling. #glassbottle #bottleart #glassart #diy\xe2\x80\xa6 https://t.co/A0wWrVFFA2',0,0
2019-06-12 09:53:33,b'Vintage Avon perfume glass bottle with red cap https://t.co/iH8JCi6WO1 #VogelHausVintage #Etsy #GlassBottle https://t.co/nPRug3yeqw',0,0
2019-06-12 09:04:34,"b""We've got our fave ever drink on offer in Handforth...Portuguese chocolate milk!\n\nIn a lovely #recyclable glass bot\xe2\x80\xa6 https://t.co/L3Kia06MFC""",0,0
2019-06-12 04:59:13,"b'RT @33_th_three: [RT\xea\xb0\x90\xec\x82\xac\xed\x95\xa9\xeb\x8b\x88\xeb\x8b\xa4\xf0\x9f\x92\x95]\n\xec\xbb\xa4\xeb\xaf\xb8\xec\x85\x98 \xea\xb0\x9c\xec\x9e\xa5 \xed\x96\x88\xec\x8a\xb5\xeb\x8b\x88\xeb\x8b\xa4! \xec\x8b\xa0\xec\xb2\xad\xec\x9d\x80 \xeb\x94\x94\xec\x97\xa0\xec\x9c\xbc\xeb\xa1\x9c, 50rt\xeb\x8b\xb9 SD\xeb\x8b\xa8\xec\x83\x89 \xed\x95\x9c \xeb\xb6\x84 \xea\xb7\xb8\xeb\xa0\xa4\xeb\x93\x9c\xeb\xa6\xbd\xeb\x8b\x88\xeb\x8b\xa4\xf0\x9f\x98\x84\n\nhttps://t.co/rep6GDHlfq https://t.co/RzGMaeBu9a'",0,69
2019-06-12 02:15:29,b'\xe3\x83\x89\xe3\x83\xaa\xe3\x83\xb3\xe3\x82\xaf\xe3\x81\xae\xe3\x83\x99\xe3\x82\xb9\xe3\x83\x88\xe3\x82\xbb\xe3\x83\xa9\xe3\x83\xbc  Perrier/\xe3\x83\x9a\xe3\x83\xaa\xe3\x82\xa8 750ml\xc3\x9712\xe6\x9c\xac \xe7\x93\xb6/glassbottle https://t.co/STQxKgVFIT',0,0
2019-06-12 00:28:37,"b'RT @CheaperBuyMiles: #icedtea for $1 are #organic #vegan #fairtrade #glassbottle and the best part, #cheap #madeingermany and usually retai\xe2\x80\xa6'",0,7
2019-06-11 21:55:21,b'Excited to share the latest addition to my #etsy shop: Unusual Vintage Glass &amp; Silver Scent  Bottle #vintage\xe2\x80\xa6 https://t.co/9eqEGvRGgL',0,1
2019-06-11 20:15:35,b'#beiuns im adi #sportbar #alcoholicbeverage  #alcohol #product #bottle #glassbottle #whisky #scotchwhisky @ adrenal\xe2\x80\xa6 https://t.co/Z7rL1yuL7G',0,0
2019-06-11 13:17:00,b'RT @packagingworld: #DigitalPrinting being brought to the #GlassBottle industry as described at Digital #Print for #Packaging US 2019 / @Kr\xe2\x80\xa6',0,1
2019-06-11 13:15:20,b'#DigitalPrinting being brought to the #GlassBottle industry as described at Digital #Print for #Packaging US 2019 /\xe2\x80\xa6 https://t.co/0nfTraUSwR',0,1
2019-06-11 02:15:28,b'\xe3\x83\x89\xe3\x83\xaa\xe3\x83\xb3\xe3\x82\xaf\xe3\x81\xae\xe3\x83\x99\xe3\x82\xb9\xe3\x83\x88\xe3\x82\xbb\xe3\x83\xa9\xe3\x83\xbc  Perrier/\xe3\x83\x9a\xe3\x83\xaa\xe3\x82\xa8 750ml\xc3\x9712\xe6\x9c\xac \xe7\x93\xb6/glassbottle https://t.co/STQxKgVFIT',0,0
2019-06-10 19:19:47,"b'Kiss My Keto C8 MCT Oil - Pure MCT Oil C8 Brain Fuel, 32 oz Glass Bottle with Pump, Best MCT Oil Keto for Ketone Di\xe2\x80\xa6 https://t.co/zIEOl1uasb'",0,0
2019-06-10 19:00:10,b'There are less than 2 WEEKS LEFT to support Cleanyst\xe2\x80\x99s Kickstarter campaign! We have raised more than double our go\xe2\x80\xa6 https://t.co/Kcc2rQe0q0',1,0
2019-06-10 10:43:00,"b""Sexy and desirable #glassbottle of Flu\xc3\xa8re Drinks BV's #nonalcoholic spirit underlines the its character\xe2\x80\xa6 https://t.co/jGSqqJzowU""",0,0
2019-06-10 02:29:19,b'Boylan Fisheye #fisheye #light #boylansoda #glassbottle #television #curiosity #boredom #palmbay #florida #\xf0\x9f\x87\xba\xf0\x9f\x87\xb8\xe2\x80\xa6 https://t.co/bkkDrb9l0N',0,0
2019-06-10 02:18:56,b'Check out 2002 #SaltlakeCity #Winter #Olympics #Budweiser Huge #GlassBottle #Barware #Decanter #collectibles\xe2\x80\xa6 https://t.co/E14v0ZgY8f',0,0
2019-06-10 02:15:28,b'\xe3\x83\x89\xe3\x83\xaa\xe3\x83\xb3\xe3\x82\xaf\xe3\x81\xae\xe3\x83\x99\xe3\x82\xb9\xe3\x83\x88\xe3\x82\xbb\xe3\x83\xa9\xe3\x83\xbc  Perrier/\xe3\x83\x9a\xe3\x83\xaa\xe3\x82\xa8 750ml\xc3\x9712\xe6\x9c\xac \xe7\x93\xb6/glassbottle https://t.co/STQxKgVFIT',0,0
2019-06-09 21:18:02,b'RT @kristina_montes: On a mission! Oils in my \xf0\x9f\x92\xa6 totally helps! \xf0\x9f\x98\x81 #selfimprovement #selfcare #drinkmore #healthier #happy #glassbottle #reus\xe2\x80\xa6',0,11
2019-06-09 08:10:57,b'RT @BumbleZest: From @lauranevs - These little @bumblezest bottles make perfect cutting and propagation vessels \xe2\x9d\xa4\xef\xb8\x8f\xe2\x9d\xa4\xef\xb8\x8f#roots #plants #plantba\xe2\x80\xa6',0,3
2019-06-09 07:12:16,b'RT BumbleZest: From lauranevs - These little bumblezest bottles make perfect cutting and propagation vessels \xe2\x9d\xa4\xef\xb8\x8f\xe2\x9d\xa4\xef\xb8\x8f\xe2\x80\xa6 https://t.co/p5WxzBBPe0',0,0
2019-06-09 07:07:23,b'RT BumbleZest: From lauranevs - These little bumblezest bottles make perfect cutting and propagation vessels \xe2\x9d\xa4\xef\xb8\x8f\xe2\x9d\xa4\xef\xb8\x8f\xe2\x80\xa6 https://t.co/2IqOzIwOpb',0,0
2019-06-09 06:56:54,b'RT @BumbleZest: From @lauranevs - These little @bumblezest bottles make perfect cutting and propagation vessels \xe2\x9d\xa4\xef\xb8\x8f\xe2\x9d\xa4\xef\xb8\x8f#roots #plants #plantba\xe2\x80\xa6',0,3
2019-06-09 06:24:48,b'From @lauranevs - These little @bumblezest bottles make perfect cutting and propagation vessels \xe2\x9d\xa4\xef\xb8\x8f\xe2\x9d\xa4\xef\xb8\x8f#roots #plants\xe2\x80\xa6 https://t.co/WZLxc2hHXo',7,3
2019-06-09 02:15:28,b'\xe3\x83\x89\xe3\x83\xaa\xe3\x83\xb3\xe3\x82\xaf\xe3\x81\xae\xe3\x83\x99\xe3\x82\xb9\xe3\x83\x88\xe3\x82\xbb\xe3\x83\xa9\xe3\x83\xbc  Perrier/\xe3\x83\x9a\xe3\x83\xaa\xe3\x82\xa8 750ml\xc3\x9712\xe6\x9c\xac \xe7\x93\xb6/glassbottle https://t.co/STQxKgVFIT',0,0
2019-06-08 12:12:20,"b'Life\xe2\x80\x99s simple pleasures! When I can carry my hot tea with me. By tea I don\xe2\x80\x99t mean Chai but green tea leaves, oolong\xe2\x80\xa6 https://t.co/2RAQeIZpOa'",0,0
2019-06-08 10:25:50,"b'Delivered my first doorstep order this week, milk in glass bottles is definitely making a comeback! \xf0\x9f\xa5\x9b #milk\xe2\x80\xa6 https://t.co/hXeLh7Vffp'",4,0
2019-06-08 02:15:28,b'\xe3\x83\x89\xe3\x83\xaa\xe3\x83\xb3\xe3\x82\xaf\xe3\x81\xae\xe3\x83\x99\xe3\x82\xb9\xe3\x83\x88\xe3\x82\xbb\xe3\x83\xa9\xe3\x83\xbc  Perrier/\xe3\x83\x9a\xe3\x83\xaa\xe3\x82\xa8 750ml\xc3\x9712\xe6\x9c\xac \xe7\x93\xb6/glassbottle https://t.co/STQxKgVFIT',0,0
2019-06-17 17:01:10,b'I bought an old wooden highchair  for \xc2\xa310 and painted it whilst I definitely should have been doing the washing and\xe2\x80\xa6 https://t.co/KacHbk0ugZ',2,0
2019-06-17 16:59:02,b'RT @Monica_Wilcox: Danish artist Thomas Dambo spent the last 3 years building giants in the backwoods outside Copenhagen using only discard\xe2\x80\xa6',0,1434
2019-06-17 16:55:18,b'Pretty summery floral &amp; lace dresses!\nCome in for a look through these cool #ooak beauties by Precocious Boutique\xe2\x80\xa6 https://t.co/QiKMJ9IR2J',0,0
2019-06-17 16:54:16,"b'RT @TopeMusica: Os presento #Upcycle, el nuevo single ""The Capris""!!! No os lo perd\xc3\xa1is!!! https://t.co/DufcJJ8G5d https://t.co/LxcHcuVxdM'",0,1
2019-06-17 16:47:55,b'Recicla y re planta todo!.\n\nMonitor de computador con comunidad de plantas habitandolo.\n\nhttps://t.co/wIW6z7YvLR .\xe2\x80\xa6 https://t.co/0TxBIpOdhq',0,0
2019-06-17 16:43:27,b'RT @Sprigasaurus: Wave after wave.  \n\n#denimwaves #upcycledtextiles #hutattheendofthegarden #beach #ocean #waves\xe2\x80\xa6 https://t.co/HJ4kjdwbMz',0,0
2019-06-17 16:37:02,b'RT @CA_DiPasquale: Fun with laser printing. #mfavnthesis #mfavn #thesis #obsoletenomore #cursivemakesacomeback #smashthepatriarchy #fuckthe\xe2\x80\xa6',0,1
2019-06-17 16:28:19,b'RT @Monica_Wilcox: Danish artist Thomas Dambo spent the last 3 years building giants in the backwoods outside Copenhagen using only discard\xe2\x80\xa6',0,1434
2019-06-17 16:25:21,"b'RT @AnSplash: Staring a new upcycle project. It will eventually be a patchwork quilt made from upcycled jeans, household linens and embroid\xe2\x80\xa6'",0,4
2019-06-17 16:22:55,b'Fun with laser printing. #mfavnthesis #mfavn #thesis #obsoletenomore #cursivemakesacomeback #smashthepatriarchy\xe2\x80\xa6 https://t.co/DvVaB3oQhh',2,1
2019-06-17 16:15:26,"b'Shabby chic tote, made from, recycled chaps,or #bagsandpurses @EtsyMktgTool https://t.co/5W1FsHrmBT #chaps #western\xe2\x80\xa6 https://t.co/yay3gAJd24'",0,0
2019-06-17 16:14:52,b'RT @Monica_Wilcox: Danish artist Thomas Dambo spent the last 3 years building giants in the backwoods outside Copenhagen using only discard\xe2\x80\xa6',0,1434
2019-06-17 16:07:27,"b'RT @AnSplash: Staring a new upcycle project. It will eventually be a patchwork quilt made from upcycled jeans, household linens and embroid\xe2\x80\xa6'",0,4
2019-06-17 16:07:18,b'Wave after wave.  \n\n#denimwaves #upcycledtextiles #hutattheendofthegarden #beach #ocean #waves #denim #upcycling\xe2\x80\xa6 https://t.co/MMeNHTPDju',0,0
2019-06-17 16:01:36,b'RT @art_inuk: Sent these off today. Loving the antler handles. #ulu #inuit #knives #knifemaker #upcycle #ecofriendly #knifemaking #urbaninu\xe2\x80\xa6',0,11
2019-06-17 15:59:45,b'RT @DappR747: Now sold out of seats new set of 100 coming In next month#UpcycledHour #interiordesign #aviation #AvGeek #sculpture #reuse #r\xe2\x80\xa6',0,3
2019-06-17 15:46:44,b'633 divers smash world record by collecting litter from Florida seabed #marinelife #enviroment #reducewaste\xe2\x80\xa6 https://t.co/GWV6x4Io4H',0,0
2019-06-17 15:40:07,b'RT @DappR747: Look out for more cool #upcycling  #upcycle #UpcycledHour #Aviation #aircraft #planespotting #aviationlovers #reuse #recycle\xe2\x80\xa6',0,2
2019-06-17 15:40:03,b'RT @DappR747: Now sold out of seats new set of 100 coming In next month#UpcycledHour #interiordesign #aviation #AvGeek #sculpture #reuse #r\xe2\x80\xa6',0,3
2019-06-17 15:20:39,"b'Vrijdag 21 juni\nWorkshop #Upcycle je boodschappen: van zaadje naar tomaatje\n15.00 uur @RotterdamseMunt (\xe2\x82\xac9,50).\nGoo\xe2\x80\xa6 https://t.co/JruXpYikuO'",0,0
2019-06-17 15:03:57,b'Homeschool On the Range: Upcycled Garage Sale Finds https://t.co/rTwEYY8BNS #upcycle #recycle #kids',0,0
2019-06-17 14:37:03,"b'RT @AnSplash: Staring a new upcycle project. It will eventually be a patchwork quilt made from upcycled jeans, household linens and embroid\xe2\x80\xa6'",0,4
2019-06-17 14:34:05,"b'RT @AnSplash: Staring a new upcycle project. It will eventually be a patchwork quilt made from upcycled jeans, household linens and embroid\xe2\x80\xa6'",0,4
2019-06-17 14:32:11,b'RT @UTCPlymouth: We pride ourselves on #creativity &amp; are making over our outside spaces-can you #donate pallets planks or scaffold material\xe2\x80\xa6',0,9
2019-06-17 14:30:16,b'RT @UTCPlymouth: We pride ourselves on #creativity &amp; are making over our outside spaces-can you #donate pallets planks or scaffold material\xe2\x80\xa6',0,9
2019-06-17 14:24:51,b'I wonder how many bottoms have sat on this original church pew\xf0\x9f\xa4\x94\xf0\x9f\x99\x8f\xf0\x9f\x8f\xbb\xf0\x9f\x92\x92\nAvailable to buy\n#handpaintedfurniture\xe2\x80\xa6 https://t.co/USZd1WQw9B',0,0
2019-06-17 14:13:16,b'RT @susteinance: From Poo to Food: Kenyan Toilet Waste Key for New Animal Feed https://t.co/kNFeP3RJHv #CircularEconomy #futurefeed #Future\xe2\x80\xa6',0,1
2019-06-17 14:09:02,"b""Use old drawers from a discarded dresser to create rolling under bed storage for kids' rooms! #upcycle\xe2\x80\xa6 https://t.co/tAJD6QhNk4""",0,0
2019-06-17 14:04:15,b'From Poo to Food: Kenyan Toilet Waste Key for New Animal Feed https://t.co/kNFeP3RJHv #CircularEconomy #futurefeed\xe2\x80\xa6 https://t.co/Kzq0aW99iT',0,1
2019-06-17 14:00:41,b'Ballerina.........\n#Handmade #Craft #Vintage #DIY #EcoFriendly #Create #SeaShells  ##UPcycle #Recycle #Hobby #Craft\xe2\x80\xa6 https://t.co/0OfYMatlsx',0,0
2019-06-17 13:36:38,b'I LOVED painting this picture for my daughter. I bought an old frame out of the charity shop for a couple of quid a\xe2\x80\xa6 https://t.co/xlzkewofvE',4,0
2019-06-17 13:30:09,b'RT @brian_wood_: before there was #repurpose #redesign #upcycle \nthere was \xe2\x9c\x82\xef\xb8\x8f #vintagemashups \xe2\x99\xbb\xef\xb8\x8f\n#BWOODKNOWS #MADEINNYC\n#KISS #SEAWORLD #SH\xe2\x80\xa6',0,1
2019-06-17 13:18:47,b'RT @WSWestbourne: Our customer @BOLfoods being creative and good to the environment with a smile\xf0\x9f\x8c\xbf\xf0\x9f\x98\x83\xf0\x9f\x8c\xbf #vegpots #saladjars #upcycle https://t.\xe2\x80\xa6',0,1
2019-06-17 13:04:33,"b'FOR SALE | 1 Pallet Black Tiles 300x300 | Collection only CV3, near Coventry airport | \xc2\xa36.00 |\xe2\x80\xa6 https://t.co/Q9kkUrFFjN'",0,0
2019-06-17 12:51:31,b'RT @UTCPlymouth: We pride ourselves on #creativity &amp; are making over our outside spaces-can you #donate pallets planks or scaffold material\xe2\x80\xa6',0,9
2019-06-17 12:49:47,b'RT @ZachBartz: One of my paintings at a school in Shanghai! Thanks Kelly Kirk!! #art #recycledart #upcycle #portrait #face #artwork #artist\xe2\x80\xa6',0,1
2019-06-17 12:34:06,b'RT @Monica_Wilcox: Danish artist Thomas Dambo spent the last 3 years building giants in the backwoods outside Copenhagen using only discard\xe2\x80\xa6',0,1434
2019-06-17 12:30:54,b'RT @art_inuk: Sent these off today. Loving the antler handles. #ulu #inuit #knives #knifemaker #upcycle #ecofriendly #knifemaking #urbaninu\xe2\x80\xa6',0,11
2019-06-17 12:30:09,b'\xf0\x9f\x8c\x8d Wie man die Welt repariert? - Zahlreiche Unternehmen im Netzwerk von arbeit plus machen es vor!\xe2\x80\xa6 https://t.co/LWypUHKiMh',2,0
2019-06-17 12:22:00,b'More Fall/Winter 2020 by @bornagainvintag #denim #clothingreconstruction #recycle #losangeles #slowfashion #upcycle\xe2\x80\xa6 https://t.co/HqTrreXoYQ',2,0
2019-06-17 12:07:37,b'Check these guys out! #ethical #upcycle #artisan #artisanfurniture #Shropshire #Shrewsbury #handmade\xe2\x80\xa6 https://t.co/XVLO6BYGLS',2,0
2019-06-17 11:51:25,b'\xe2\x98\x86 New Arrival \xe2\x98\x86 \xe2\x80\x98Wonderful Life\xe2\x80\x99 #women\xe2\x80\x99s #antique #purple #haori #kimonojacket #dragon &amp; #plum #blossoms #design\xe2\x80\xa6 https://t.co/GzYoMcHD8g',1,0
2019-06-17 11:31:28,b'&lt;3 #crafter #diy #wholesaler #vendor #decorate #read #learning #paint #painter #upcycle . @Belladonnahome https://t.co/Ohi4NN7s0w... &lt;3',2,0
2019-06-17 11:16:25,b'RT @Monica_Wilcox: Danish artist Thomas Dambo spent the last 3 years building giants in the backwoods outside Copenhagen using only discard\xe2\x80\xa6',0,1434
2019-06-17 11:12:25,"b'""you have to save yourself from the rules."" - lea seydoux\xe2\xa0\x80\n\xe3\x83\xbb\xe3\x83\xbb\xe3\x83\xbb\xe2\x81\xa3\xe2\xa0\x80\n#mollymutt #puppy #dogbed #dogquotes\xe2\x80\xa6 https://t.co/tsVhydxgnS'",1,0
2019-06-17 10:48:07,"b'This is so true, stop buying mass produced &amp; buy from a maker! #lovesewing #upcycle #refashion #learntosew\xe2\x80\xa6 https://t.co/VYS8GXvx8P'",0,0
2019-06-17 10:29:51,b'Our customer @BOLfoods being creative and good to the environment with a smile\xf0\x9f\x8c\xbf\xf0\x9f\x98\x83\xf0\x9f\x8c\xbf #vegpots #saladjars #upcycle https://t.co/VmylnWDMQS',4,1
2019-06-17 10:22:37,"b'Os presento #Upcycle, el nuevo single ""The Capris""!!! No os lo perd\xc3\xa1is!!! https://t.co/DufcJJ8G5d https://t.co/LxcHcuVxdM'",0,1
2019-06-17 10:18:36,b'RT @copculertv: Yeni YouTube videomuz \xe2\x80\x98F\xc4\xb1\xc3\xa7\xc4\xb1dan bisiklet i\xc3\xa7in so\xc4\x9futuculu bagaj yap\xc4\xb1m\xc4\xb1\xe2\x80\x99 yay\xc4\xb1nda! \xc4\xb0yi Seyirler @kendinehasonline #kendinehas #\xe2\x80\xa6',0,4
2019-06-17 10:17:36,b'Way of life\xf0\x9f\x99\x8c \xf0\x9f\x92\x99\xf0\x9f\x92\x99#lifequotes #true #denim #jeans #recycle #upcycle #goodvibes #love #style #wayoflife https://t.co/YlyqYF3R8s',1,0
2019-06-17 10:16:16,"b'RT @funkifythis: This was a recent commission for a happy customer. A pretty painted monks bench with a limed lid, a little side table and\xe2\x80\xa6'",0,1
2019-06-17 10:05:48,b'\xe5\x88\xba\xe3\x81\x97\xe5\xad\x90\n\xef\xbd\xa5\n\xef\xbd\xa5\n\xe4\xb9\x85\xe3\x81\x97\xe3\x81\xb6\xe3\x82\x8a\xe3\x81\xae\xe9\x87\x9d\xe3\x81\xa8\xe7\xb3\xb8\n\xef\xbd\xa5\n\xef\xbd\xa5\n\xe3\x82\x84\xe3\x81\xa3\xe3\x81\xb1\xe7\x99\x92\xe3\x81\x95\xe3\x82\x8c\xe3\x82\x8b\xe3\x81\xad\xef\xbd\x9e\n\xef\xbd\xa5\n\xef\xbd\xa5\n\n#\xe5\x88\xba\xe3\x81\x97\xe5\xad\x90\n#Sashiko\n#japanesetextiles\n#japanesefabric\n#upcycle\n#\xe5\xb7\xbe\xe7\x9d\x80\n#\xe5\x8f\xa4\xe5\xb8\x83\n#\xe3\x82\xb7\xe3\x83\xa3\xe3\x83\x8a\xe3\x83\x8a\xe3\x83\xaa\xe3\x83\xb3\xe3\x83\x80 https://t.co/CjXlFrdFrA',2,0
2019-06-17 10:00:18,"b'This was a recent commission for a happy customer. A pretty painted monks bench with a limed lid, a little side tab\xe2\x80\xa6 https://t.co/ppB22JMIf8'",2,1
2019-06-17 09:59:42,"b'This is so true, stop buying mass produced &amp; buy from a maker! #lovesewing #upcycle #refashion #learntosew\xe2\x80\xa6 https://t.co/NBkoKA4IGh'",0,0
2019-06-17 09:39:47,b'RT @JanerDesigns: Heading to @the_leith_collective for the reuse showhome. #assemblage #robot #reuse #zerowaste #leith #leithcollective #la\xe2\x80\xa6',0,4
2019-06-17 09:30:10,b'Many of us feel #inspired after a bottle of wine and #upcycle pro GrandadMadeIt is no exception!\n\nCheck out these a\xe2\x80\xa6 https://t.co/fi3Br8dYms',0,0
2019-06-17 09:00:45,b'RT @CraftyCharli: Before &amp; after... #upcycle project. \n#ukcraftershour #ukcraft #upcycled https://t.co/UN60VOI5HR',0,2
2019-06-17 09:00:18,"b'\xe2\xad\x90\xef\xb8\x8f\xe2\xad\x90\xef\xb8\x8fThis hotel/hostel in Germany known as the Dock Inn is made using used shipping containers. 64 rooms, accomodati\xe2\x80\xa6 https://t.co/koODLUcj9b'",0,0
2019-06-17 08:05:07,b'Wow! I love this! Happy Youth day! #upcycle #oldtyres https://t.co/NY6gVdzaBD',0,0
2019-06-17 07:49:12,"b'RT @ElisaDurigon: Violet urban boho paper earrings with copper shades. If you love these, look here https://t.co/8yvjUepS20    #ecofriendly\xe2\x80\xa6'",0,4
2019-06-17 07:00:28,b'https://t.co/2jxIYdmXJ2 is officially open! Why not stop by and see what marvelous and unique creations await you!\xe2\x80\xa6 https://t.co/SvcEYkX6nJ',1,1
2019-06-17 06:44:40,b'RT @RandRBlasting: Before and after \xf0\x9f\x98\x87. #ShotBlasting #bizitalk #EastMidsHeadsUp #ShotBlast #ukbizhour #ukmfg #UKBizLunch #Sandblast  #ukmfg\xe2\x80\xa6',0,3
2019-06-17 06:23:57,b'RT @LeTribuAfrique: RECYCLING MOVEMENT AFRIQUE\xe2\x99\xbc\xe2\x99\xba\xe2\x99\xbb\xe2\x99\xbd\n\nAll Africa flag art \n#recycle #upcycle  #ClimateAction  #ClimateChange  @UNEnvironment\xe2\x80\xa6',0,1
2019-06-17 05:54:45,b'RECYCLING MOVEMENT AFRIQUE\xe2\x99\xbc\xe2\x99\xba\xe2\x99\xbb\xe2\x99\xbd\n\nAll Africa flag art \n#recycle #upcycle  #ClimateAction  #ClimateChange\xe2\x80\xa6 https://t.co/sQoXXjfoVn',0,1
2019-06-17 05:54:39,b'We design cupboard knobs &amp; hooks for retail &amp; trade. Shop online https://t.co/60dI2S0srm or apply for a #trade acco\xe2\x80\xa6 https://t.co/pltcG0V3uO',2,0
2019-06-17 05:44:12,b'RT @art_inuk: Sent these off today. Loving the antler handles. #ulu #inuit #knives #knifemaker #upcycle #ecofriendly #knifemaking #urbaninu\xe2\x80\xa6',0,11
2019-06-17 05:09:58,b'RT @Lytgrn_tips: Moonstone sink with malachite countertops........Rooms we love!\n#GreenLiving #Craft #Vintage #Recycle #Repurpose #ReUse #U\xe2\x80\xa6',0,1
2019-06-17 04:44:40,b'RT @SASOLIDWASTE: Do you have a creative and inventive child? Does your child love the San Antonio Spurs? Win Spurs ticket in our Upcycle C\xe2\x80\xa6',0,3
2019-06-17 04:19:44,b'RT @ctlnplmr: Taught myself how to #recycle my #plastic #bags today and turn them into things that can be used for longer and not hurt the\xe2\x80\xa6',0,1
2019-06-17 04:16:38,"b'Well, this certainly is one way to reduce single use plastic bags! Canada for the win. @UNILAD #upcycle\xe2\x80\xa6 https://t.co/WGR1bJU4SA'",0,0
2019-06-17 04:16:29,b'RT @Monica_Wilcox: Danish artist Thomas Dambo spent the last 3 years building giants in the backwoods outside Copenhagen using only discard\xe2\x80\xa6',0,1434
2019-06-17 03:48:24,b'RT @art_inuk: Sent these off today. Loving the antler handles. #ulu #inuit #knives #knifemaker #upcycle #ecofriendly #knifemaking #urbaninu\xe2\x80\xa6',0,11
2019-06-17 03:40:55,b'Check out this tweet from GardenArtistry:\nRaymond Guest garden artist https://t.co/UK1DwO7XnE #gardening #upcycled #upcycle',0,0
2019-06-17 03:33:20,b'RT @GardenArtistry: Raymond Guest garden artist https://t.co/Il3qT8S7ST #gardening #upcycled #upcycle',0,1
2019-06-17 03:30:17,b'Raymond Guest garden artist https://t.co/Il3qT8S7ST #gardening #upcycled #upcycle',0,1
2019-06-17 03:19:42,"b""RT @thisisfreegle: Today's the day!\n#ZeroWaste festival 12noon to 3pm at #Oxford Town Hall\nhttps://t.co/Z4kqwSGNSs\nwith #ShareOxford #Orino\xe2\x80\xa6""",0,4
2019-06-17 02:53:54,b'#Patchwork #festival #reworked #denim #DenimEveryday #upcycle\nhttps://t.co/nNDmE4I07O',0,0
2019-06-17 02:35:04,b'RT @art_inuk: Sent these off today. Loving the antler handles. #ulu #inuit #knives #knifemaker #upcycle #ecofriendly #knifemaking #urbaninu\xe2\x80\xa6',0,11
2019-06-17 02:25:07,"b""#Plarn !!! \nDon't know how this is going to turn out, but I guess I'll post it here. Maybe it'll turn put to be a s\xe2\x80\xa6 https://t.co/RaGiQEQMN2""",0,0
2019-06-17 02:13:56,b'New Mixed Media Piece - Available @ Tooele Arts Festival next weekend.  #mixedmedia #mixedmediaart #create #decoart\xe2\x80\xa6 https://t.co/500CddA4X1',0,0
2019-06-17 02:08:50,b'RT @art_inuk: Sent these off today. Loving the antler handles. #ulu #inuit #knives #knifemaker #upcycle #ecofriendly #knifemaking #urbaninu\xe2\x80\xa6',0,11
2019-06-17 02:02:09,b'Taught myself how to #recycle my #plastic #bags today and turn them into things that can be used for longer and not\xe2\x80\xa6 https://t.co/ODv5BfJxb3',0,1
2019-06-17 01:49:44,b'RT @SewingSeamsEasy: He thinks he\xe2\x80\x99s a black panther \xf0\x9f\xa4\xa3\xf0\x9f\xa4\xa3 Benny Boy relaxing on the arm of the sofa. #lovesewing #upcycle #refashion #trethevy\xe2\x80\xa6',0,1
2019-06-17 01:44:52,b'RT @art_inuk: Sent these off today. Loving the antler handles. #ulu #inuit #knives #knifemaker #upcycle #ecofriendly #knifemaking #urbaninu\xe2\x80\xa6',0,11
2019-06-17 01:42:50,b'RT @art_inuk: Sent these off today. Loving the antler handles. #ulu #inuit #knives #knifemaker #upcycle #ecofriendly #knifemaking #urbaninu\xe2\x80\xa6',0,11
2019-06-17 01:27:25,b'Sent these off today. Loving the antler handles. #ulu #inuit #knives #knifemaker #upcycle #ecofriendly #knifemaking\xe2\x80\xa6 https://t.co/CaGLfxo6Ma',70,11
2019-06-17 00:11:18,b'RT @DavidWhinray: Time we put down the axe and start planting trees for each other.\n\n@RecyclingSkills #recycling #sustainability #CircularE\xe2\x80\xa6',0,148
2019-06-16 23:56:07,"b'""Upcycling is the practice of creating a useable product from waste or unwanted items or adapting an existing produ\xe2\x80\xa6 https://t.co/CvbFIU7knP'",3,0
2019-06-16 23:37:16,"b""RT @AAbLeticia: 3/3\nHere is how they finished up.\nI'm really pleased with how they turned out. They give a nice ambient glow to the room. C\xe2\x80\xa6""",0,1
2019-06-16 23:35:27,b'Getting closer to grouting. Already thinking about my next project....as soon as I find it! \n.\n.\n.\n.\xe2\x80\xa6 https://t.co/pajQgZ4dLs',0,0
2019-06-16 23:26:46,"b""3/3\nHere is how they finished up.\nI'm really pleased with how they turned out. They give a nice ambient glow to the\xe2\x80\xa6 https://t.co/PhwqWdUMU6""",1,1
2019-06-16 23:23:10,b'Moonstone sink with malachite countertops........Rooms we love!\n#GreenLiving #Craft #Vintage #Recycle #Repurpose\xe2\x80\xa6 https://t.co/oaj8qiLMkb',2,1
2019-06-16 23:19:00,b'RT @Monica_Wilcox: Danish artist Thomas Dambo spent the last 3 years building giants in the backwoods outside Copenhagen using only discard\xe2\x80\xa6',0,1434
2019-06-16 22:11:34,b'RT @JDLReflections: This stain-proof shirt is made out of plastic bottles. \xe2\x99\xbb\xef\xb8\x8f #PlasticPollution #Recycling #Upcycle #Innovation https://t.c\xe2\x80\xa6',0,1
2019-06-16 21:55:07,b'He thinks he\xe2\x80\x99s a black panther \xf0\x9f\xa4\xa3\xf0\x9f\xa4\xa3 Benny Boy relaxing on the arm of the sofa. #lovesewing #upcycle #refashion\xe2\x80\xa6 https://t.co/xVLz3znvyM',0,1
2019-06-16 21:54:29,"b""RT @oldbarndecor: Father's day gift for my husband this year. Happy Father's Day!\n\n#fathersday #fathersdaygifts #scripture #bibleverses #ps\xe2\x80\xa6""",0,1
2019-06-16 21:47:24,"b'RT @kittys5n10: Vintage Assemblage Necklace, Celluloid And Rhinestone Flowers, Bridal Upcycled Jewelry, Boho Gift For Her, Gift For Mom, Je\xe2\x80\xa6'",0,60
2019-06-16 21:42:28,"b""Don't throw out your tired wood furniture when you could save it. #upcycle #DIY  https://t.co/8HQQw4Vl08 https://t.co/sux0ZO9qZh""",0,0
2019-06-16 21:34:33,b'RT @UTCPlymouth: We pride ourselves on #creativity &amp; are making over our outside spaces-can you #donate pallets planks or scaffold material\xe2\x80\xa6',0,9
2019-06-16 21:26:08,b'RT @wooddecorltd: All the information about our stall .@CrimpleHall is on our blog on the website. https://t.co/Mqi5wjdWVp \n\n#wood #restora\xe2\x80\xa6',0,1
2019-06-17 17:32:38,"b""Here's yet another great way to style these fun light-wash raw hem jeans from Le Prix. \xf0\x9f\x92\x99\n  #zerowasteliving\xe2\x80\xa6 https://t.co/tNHZdGs6hb""",0,0
2019-06-17 11:10:45,b'#savetheturtles #turtles #saveturtles #savetheoceans #saynotoplastic #noplastic #stopplasticpollution\xe2\x80\xa6 https://t.co/nxIOujNRNh',0,0
2019-06-17 10:31:59,b'RT @robert_sargent: Well Day 1 of #GreenWeek Stride Treglown starts with a 100% waste free breakfast with compostable nature\xe2\x80\x99s own packagin\xe2\x80\xa6',0,1
2019-06-17 10:14:01,b'A zero waste hair salon? Yes! There\xe2\x80\x99s such a thing:)\n\nhttps://t.co/88SjQzUCz2\n\n#hairsalon #zerowaste\xe2\x80\xa6 https://t.co/tSsUT0eQuJ',0,0
2019-06-17 08:19:12,b'Well Day 1 of #GreenWeek Stride Treglown starts with a 100% waste free breakfast with compostable nature\xe2\x80\x99s own pack\xe2\x80\xa6 https://t.co/zSl88M49ci',3,1
2019-06-17 05:17:41,b'\xe2\x99\xbb\xef\xb8\x8fHow to Make Natural Deodorant.\n#homemade #zerowaste #zerowasteliving #zerowastelifestyle \n\n https://t.co/BHxWXv9fI9',0,0
2019-06-17 04:14:13,b'#saveturtles #savetheoceans #savetheseas #stopplasticpollution #saynotoplastic #noplastic #saynotoplastic\xe2\x80\xa6 https://t.co/V2PJmUu8oV',0,0
2019-06-17 00:49:47,b'This is an experiment of mine. Stay tuned as I hope this dries soon. \n.\n.\n.\n.\n#zerowasteliving #lowimpact\xe2\x80\xa6 https://t.co/DI9ohDmyYB',0,0
2019-06-17 00:00:17,b'\xf0\x9f\x90\xb3\xf0\x9f\x90\xb3\xf0\x9f\xa6\x80\xf0\x9f\xa6\x80 Go to the beach and store everything in this stylish bolga basket \xf0\x9f\x90\xb3\xf0\x9f\x90\xb3\xf0\x9f\xa6\x80\xf0\x9f\xa6\x80 \n\n\xf0\x9f\x8c\xb4 https://t.co/C1UEBudwBv\n.\xe2\xa0\x80\n.\n.\xe2\x80\xa6 https://t.co/X87aBbH49h',0,0
2019-06-16 15:31:24,"b'SneakeyBag. Helping Daddy on Father\'s Day ""ROCK"" his strong stance on single plastic bag use.\xe2\x80\xa6 https://t.co/4yGwYeEGNj'",0,0
2019-06-16 15:27:46,"b'SneakeyBag. Helping Daddy on this Father\'s Day ""USHER"" in a new way to carry his Stuff and Things.\xe2\x80\xa6 https://t.co/uVd6YkW2DT'",0,0
2019-06-16 15:25:01,b'SneakeyBag. Helping Daddy carry 24 carrots in the AIR AIR AIR!\nhttps://t.co/wtYrBNrTwa \n#reusablebag #reduce\xe2\x80\xa6 https://t.co/J6wGss5YAI',0,0
2019-06-16 15:24:15,b'Chinese factory :Whatsapp :0086-180-8676-3182\nE-mail:jack@artisantoothbrush.com\n#zeroplastic #bamboo\xe2\x80\xa6 https://t.co/xUIBMbCeEA',0,0
2019-06-16 15:09:08,b'The World is getting Sneakey! \n#GETSNEAKEY #rockstarinventor #shapesherpa #saveouroceans #saveourplanet #reusable\xe2\x80\xa6 https://t.co/NDysJTI3ge',0,0
2019-06-16 14:24:05,"b""\xf0\x9f\x99\x8c\xf0\x9f\x99\x8c\xf0\x9f\x99\x8c\xf0\x9f\x99\x8c\xf0\x9f\x99\x8c\xf0\x9f\x99\x8c\xf0\x9f\x99\x8c\nI've hit up both stores once so far in 2019.  I'm quite proud of myself.\n\n#changeisnecessary #zilch\xe2\x80\xa6 https://t.co/5iReJ2gNtw""",0,0
2019-06-16 12:21:24,"b""To all the men who have taken on the greatest role of their lives, happy Father's Day! From our family to yours \xf0\x9f\xa5\xb0\xe2\x80\xa6 https://t.co/OQM83cwjWo""",0,0
2019-06-16 07:45:01,b'RED HOT: Bright Red Jaeger Oversized Shirt Dress. SHOP NOW: https://t.co/xqkko0pPqt\n\n#vintage #jaeger\xe2\x80\xa6 https://t.co/Z43KkkvRNp',0,0
2019-06-16 02:38:18,b'Gotta keep those mashed potatoes safe until I can gobble up the leftovers tomorrow.  \xf0\x9f\xa5\x94\xf0\x9f\xa5\x94\xf0\x9f\xa5\x94\n\n#zilch #zerowasteliving\xe2\x80\xa6 https://t.co/xBlNaSEGEC',4,0
2019-06-16 00:02:51,b'#opensundays #opensundaysinmelbourne #shoplocal #shopsmall #ferrerorocher #chocolate #chocoholic #ferrerochocolate\xe2\x80\xa6 https://t.co/7o3rACD8tg',0,0
2019-06-15 21:30:25,"b'That Bag THO! Use promo code ""Bag"" and get 10% off of your SWAG Element print SneakeyBag!. #GETSNEAKEY\xe2\x80\xa6 https://t.co/P01lhwsYnP'",0,0
2019-06-15 19:44:48,b'Jute macrame wall hanging availiable at my shop!\n\n#etsyshop #etsyseller #crafts #boho #hippie #natural #sustainable\xe2\x80\xa6 https://t.co/7P7HeSW1mX',1,0
2019-06-15 16:58:07,b'RT @greenthirst: Stop this torture!#earth #travel #bethechange #zerowasteliving #climatechange #plantbased #ethicalfashion #ecoliving #envi\xe2\x80\xa6',0,1
2019-06-15 14:53:24,"b'Use promo code ""BAG"" at checkout and get 10% off of your SneakeyBag!\n#daddy #fathersday #father\xe2\x80\xa6 https://t.co/eqIxOnDuhy'",0,0
2019-06-14 19:58:03,b'I\xe2\x80\x99ve signed a pledge to not use single waste plastic next week. I\xe2\x80\x99m spending the weekend getting prepared.\xe2\x80\xa6 https://t.co/01aCqYjcQZ',14,1
2019-06-14 19:25:02,"b""Cheers to the weekend !  \nNo matter what your plans, let's leave only the lightest of footprints on beautiful Mothe\xe2\x80\xa6 https://t.co/OdFWNZIwxs""",0,0
2019-06-14 17:30:22,"b'RT @GreenCommF: #FridayFeeling #SpreadTheWord\n\nIn order to live #sustainably, we must be #minimalist.\n\nBorrow, share, lend items instead of\xe2\x80\xa6'",0,1
2019-06-14 15:07:45,"b'Such a COOL BAG. Use promo ""BAG"" and save! #reduceycarbonfootprint #reduce #reduce #recycling #GETSNEAKEY\xe2\x80\xa6 https://t.co/h83z7agwTh'",0,0
2019-06-14 14:20:29,b'#fathersday #flagday #reduceycarbonfootprint #reduce #REUSABLE #sustainablelife #reusable #banthebag\xe2\x80\xa6 https://t.co/vcZMbWpf5R',0,0
2019-06-14 13:50:31,b'RT @SharkDream2100: Think before you trash it.\n\n#zerowaste #ecofriendly #plasticfree #sustainable #sustainability #noplastic #sustainableli\xe2\x80\xa6',0,1
2019-06-14 13:10:44,b'A zero waste hair salon? Yes! There\xe2\x80\x99s such a thing:)\n\nhttps://t.co/88SjQzUCz2\n\n#hairsalon #zerowaste\xe2\x80\xa6 https://t.co/sDI4tbenu0',1,0
2019-06-14 13:07:04,b'Think before you trash it.\n\n#zerowaste #ecofriendly #plasticfree #sustainable #sustainability #noplastic\xe2\x80\xa6 https://t.co/VJ2jzEgJCo',0,1
2019-06-14 10:59:24,"b'#FridayFeeling #SpreadTheWord\n\nIn order to live #sustainably, we must be #minimalist.\n\nBorrow, share, lend items in\xe2\x80\xa6 https://t.co/10VGaL4Rid'",1,1
2019-06-14 08:05:42,b'#turtlecare #saveturtles #savetheseas #stopplasticpollution #saynotoplastic #noplastic #nosingleuseplastic\xe2\x80\xa6 https://t.co/lOxYmyVdwS',0,0
2019-06-14 03:20:41,b'#waronwasteau #reducewaste #reducefoodwaste #foodwaste #food #waste #goingzerowaste #zerowasteliving #zerowastelife\xe2\x80\xa6 https://t.co/IuJlwyHtO7',0,0
2019-06-14 00:50:26,b'Making your own dishwasher tabs is crazy easy.  Check out my site for 2 different recipes.\n\n#zilch #zerowasteliving\xe2\x80\xa6 https://t.co/nOeCDyn0Hb',1,0
2019-06-13 23:56:05,b'#soupoftheday #soupseason #vegetablesoup #souptogo #wintersoup #zerowasteshopping #zerowasteshop #zerowaste\xe2\x80\xa6 https://t.co/5REdJ2VYcm',0,0
2019-06-13 19:27:43,b'Not to mention everywhere else \n\nPlastic sucks \n.\n.\n.\n\n#plasticfree #zerowaste #plasticfreeliving #plasticpollution\xe2\x80\xa6 https://t.co/89PbKXCvil',1,0
2019-06-13 17:01:47,"b'Meet my newest friend, Klaus.\n\xf0\x9f\xa5\xb0\xf0\x9f\x8c\xb1\xf0\x9f\x8c\xb1\xf0\x9f\x8c\xb1\xf0\x9f\xa5\xb0\n\n#zilch #zerowasteliving #zerowastehome #zerowastefail #lowwastemovement\xe2\x80\xa6 https://t.co/oHzHeBXS0X'",0,0
2019-06-13 14:43:04,b'Our backyard of projects...husband and a son putting the final bolts into the new compost tumbler. (We had to dogpr\xe2\x80\xa6 https://t.co/85szr9WyJ5',0,0
2019-06-13 14:00:40,b'#GETSNEAKEY #rockstarinventor #shapesherpa #saveouroceans #saveourplanet #reusable #banthebag #zerowasteliving\xe2\x80\xa6 https://t.co/yVvooYuVZU',0,0
2019-06-13 11:30:04,"b""7 Startling Facts About the Crisis Facing Our Oceans. \nhttps://t.co/6oY3ybo3Qa\n\nLet's all do our part, no matter ho\xe2\x80\xa6 https://t.co/eCfn7ohOrM""",0,0
2019-06-13 10:13:15,b'#zerowaste #recycling #plasticfree #plasticfreeliving #zerowasteliving #saynotoplastic #gogreen https://t.co/eIojAWbjpr',1,0
2019-06-13 08:20:47,b'RT @PapersmartE: #makeinindia #sustainable #sustainableliving #recycled #zerowaste #zerowasteliving #savetrees \n#recycle #reduce #reuse #re\xe2\x80\xa6',0,1
2019-06-13 06:51:10,"b'RT @plasticphobia: If you think that #zerowasteparty seems impossible, think again and read on! \n#zerowasteliving\n\nhttps://t.co/W9HwxcHoov'",0,2
2019-06-13 04:33:59,b'#makeinindia #sustainable #sustainableliving #recycled #zerowaste #zerowasteliving #savetrees \n#recycle #reduce\xe2\x80\xa6 https://t.co/cc1VoOxVA6',1,1
2019-06-13 04:10:24,b'#zerowasteshopping #waronwaste #zerowasteshop #reducewaste #goingzerowaste #zerowaste #waste #stopfoodwaste\xe2\x80\xa6 https://t.co/DEXnXrqgTC',1,0
2019-06-12 22:34:46,"b'RT @plasticphobia: If you think that #zerowasteparty seems impossible, think again and read on! \n#zerowasteliving\n\nhttps://t.co/W9HwxcHoov'",0,2
2019-06-12 18:31:59,b'#singleusesucks #plasticfree #buybetter #zerowaste #ecofriendly #plasticfree #sustainable #sustainability\xe2\x80\xa6 https://t.co/6miCz9v6hX',0,1
2019-06-12 16:13:02,"b'Use promo code ""BAG"" and get \nPurple MIST for a special price.\n#REUSABLE #reusablebag #reduce #ocean #GETSNEAKEY\xe2\x80\xa6 https://t.co/Xjvyg4FUMe'",0,0
2019-06-12 16:06:53,"b'Purple MIST, Purple MIST. yeah \n#GETSNEAKEY #rockstarinventor #shapesherpa #saveouroceans #saveourplanet #reusable\xe2\x80\xa6 https://t.co/So5w21lkI8'",0,0
2019-06-12 14:03:11,b'All stocked up \xf0\x9f\x91\x8d\xf0\x9f\x8f\xbc\xf0\x9f\x92\x99\n#zerowasteliving #plasticfree #saveouroceans #refill #bulkbuy #shoplocal #birkenhead #wirral\xe2\x80\xa6 https://t.co/DL30yBALkY',0,0
2019-06-12 13:57:26,b'All stocked up \xf0\x9f\x91\x8d\xf0\x9f\x8f\xbc\xf0\x9f\x92\x99\n#zerowasteliving #plasticfree #saveouroceans #refill #bulkbuy #shoplocal #birkenhead #wirral\xe2\x80\xa6 https://t.co/PXftNToWEb',1,0
2019-06-12 13:41:12,"b'Use promo code ""PLANET "" right NOW FOR MORE SAVINGS. #GETSNEAKEY #rockstarinventor #shapesherpa #saveouroceans\xe2\x80\xa6 https://t.co/uOVyfAYMlM'",0,0
2019-06-12 11:55:00,"b'If you think that #zerowasteparty seems impossible, think again and read on! \n#zerowasteliving\n\nhttps://t.co/W9HwxcHoov'",1,2
2019-06-12 11:52:00,"b'Feed the Planet, Feed the Soul. We are all connected as one. \n#lovetheplanet #sustainableliving #zerowasteliving\xe2\x80\xa6 https://t.co/3XdE4vwDdI'",0,0
2019-06-12 10:05:19,"b'Starting a zero waste lifestyle does not mean being perfect.\nJust make small changes, create new habits and know th\xe2\x80\xa6 https://t.co/5CWFHrzOYZ'",0,0
2019-06-12 09:10:38,b'Zero waste\xe2\x80\xbc Las empresas se lanzan al residuo cero! \xe2\x99\xbb\xef\xb8\x8f\n#residuocero #zerowaste #zerowasteliving  https://t.co/mB1HC5J72Z',1,0
2019-06-11 22:27:25,b'RT @samanthasambil: There\xe2\x80\x99s nothing like restocking your bulk jars. \xf0\x9f\xa7\xa1\n.\n.\n.\n.\n.\n.\n.\n.\n.\n.\n#minimalist #minimalism #bulkshopping #zerowaste\xe2\x80\xa6',0,1
2019-06-11 22:14:16,b'There\xe2\x80\x99s nothing like restocking your bulk jars. \xf0\x9f\xa7\xa1\n.\n.\n.\n.\n.\n.\n.\n.\n.\n.\n#minimalist #minimalism #bulkshopping\xe2\x80\xa6 https://t.co/rIAf0R00Qf',0,1
2019-06-11 20:36:40,b'#dogwalker #petsitter #newportshropshire #shropshire #shropshirebusiness #smallbusiness #smallbusinessowner\xe2\x80\xa6 https://t.co/cr5KFpLk3J',0,0
2019-06-11 18:58:48,b'So awesome!\n\xf0\x9f\x91\x8f\xf0\x9f\x91\x8f\xf0\x9f\x91\x8f\n\n#bansingleuseplastic #bansingleuse #canada #reducereuserecycle #zerowaste #zerowasteliving\xe2\x80\xa6 https://t.co/sijYvw40hH',1,0
2019-06-11 16:54:14,b'I made oatmilk! The bottle is from Goodwill and the lid is a beeswax wrap made from an old sheet. #zerowasteliving\xe2\x80\xa6 https://t.co/ybgPMkOsUH',0,0
2019-06-11 12:48:02,"b'Nolt states ""the average American generates about 16 metric tons of carbon dioxide-equivalent a year, more than tri\xe2\x80\xa6 https://t.co/kcWfvtyB7G'",0,0
2019-06-11 08:44:56,"b'#Homemade cleaning products......simple and quick to make.\nCheaper on your wallet, kinder to you and kinder to the\xe2\x80\xa6 https://t.co/qdSm0ZLf3o'",4,0
2019-06-11 07:50:04,b'Freshly baked #ZeroWaste bread anyone..? \n\nReusable bread and produce bags are just one way of reducing plastic wit\xe2\x80\xa6 https://t.co/VSB1OgYvYp',1,0
2019-06-11 04:59:46,b'#recycled #zerowaste #zerowasteliving #savetrees \n#recycle #reduce #reuse #reusereducerecycle #ecopencil #savetree\xe2\x80\xa6 https://t.co/nkLIo8w8n2',0,0
2019-06-11 04:35:08,"b'That gift that gives back to you and the PLANET! \nUse promo code ""PLANET "" and get 20% off of your SneakeyBag.\xe2\x80\xa6 https://t.co/9nmohECmvE'",0,0
2019-06-11 03:13:50,b'#karmayoga #yogaquote #yogini #karma #zerowaste #zerowasteliving #gogreenchallenge #mindfulnessyoga https://t.co/LxDzR4npFo',1,0
2019-06-10 22:23:49,"b'RE, RE, REUSABLE BAG. \n#GETSNEAKEY #ROCKSTARINVENTOR #reusablebag #reduceycarbonfootprint #sustainablelife\xe2\x80\xa6 https://t.co/ILFb2GIvcp'",0,0
2019-06-10 21:58:47,b'#GETSNEAKEY #sneakeybag #sneakey #saveouroceans #saveourplanet #reusable #banthebag #zerowasteliving #sneakeybag\xe2\x80\xa6 https://t.co/GKjuLJ5gLn',0,0
2019-06-10 20:35:46,"b'RT @babipur: what\xe2\x80\x99s happening to our #recycling where does it go? Are you all watching #Waronplastic Babipurians, how are you feeling right\xe2\x80\xa6'",0,1
2019-06-10 20:34:55,"b'what\xe2\x80\x99s happening to our #recycling where does it go? Are you all watching #Waronplastic Babipurians, how are you fe\xe2\x80\xa6 https://t.co/obALEiJ7XD'",8,1
2019-06-10 18:57:21,b'We can and MOST DO BETTER! \n#PICKUPYOURSHIT #GETSNEAKEY #ROCKSTARINVENTOR #SHAPESHERPA #SAVEOUROCEANS\xe2\x80\xa6 https://t.co/sW3Q89ZvH7',0,0
2019-06-10 18:48:10,b'#sneakeyclean #pickupyourshit #banthebag #GETSNEAKEY #rockstarinventor #willsmith #jadensmith #GETSNEAKEY\xe2\x80\xa6 https://t.co/wCCICsVgzz',0,0
2019-06-10 18:41:05,b'#sneakeyclean #saveouroceans #saveourplanet #reusable #banthebag #zerowasteliving #sneakey #sneakeybag\xe2\x80\xa6 https://t.co/8l4VQnkJJV',0,0
2019-06-10 13:51:02,"b'Get SneakeyBag TODAY!\nUse promo code ""PLANET "" and get 20% off at checkout. #GETSNEAKEY #rockstarinventor\xe2\x80\xa6 https://t.co/DqHIzcVpOa'",0,0
2019-06-10 06:40:55,b'RT @happyturtle_ind: Visit our website to check your plastic footprint\nhttps://t.co/yf1qOZolAT\n\n#footprintcalculator #plasticfootprintcalcu\xe2\x80\xa6',0,1
2019-06-10 06:09:50,"b'EBD founder @R0bertaLee has been documenting her #zerowasteliving journey, taking its challenges in her stride. Her\xe2\x80\xa6 https://t.co/IkhdKaSK1g'",6,0
2019-06-10 04:45:44,b'3pieces Family kit: bamboo toothbrush!#bamboo #bambootoothbrush #ecofriendly #ecofriendlyliving #toothbrush #dental\xe2\x80\xa6 https://t.co/rVTRFshcGJ',0,0
2019-06-10 00:34:59,b'#zerowasteshop #zerowasteshopping #waronwaste #reducewaste #waronwasteau #goingzerowaste #zerowasteliving\xe2\x80\xa6 https://t.co/1Q1MbPJ17a',0,0
2019-06-09 21:58:03,"b'Happinesses is on the field \xe2\x9d\xa4\xef\xb8\x8f pattedeaubio, animasoinbio Quebec \xf0\x9f\x98\x83 #animasoinbio #animasoinbiocanada #artisansoaps\xe2\x80\xa6 https://t.co/p9V8grOfX5'",1,0
2019-06-09 20:59:42,b'RT @ToastAle: The awesome people at @zerowastenearme have complied the most amazing map highlighting all the #zerowaste shops across the UK\xe2\x80\xa6',0,4
2019-06-09 18:46:14,b'The Dad in your life can always use a second set of hands. Get Sneakey! \n#farthersday #fathersday #fathersdaygifts\xe2\x80\xa6 https://t.co/OI7sznQrnE',0,0
2019-06-09 16:33:37,b'Visit our website to check your plastic footprint\nhttps://t.co/yf1qOZolAT\n\n#footprintcalculator\xe2\x80\xa6 https://t.co/R4BwF0vKck',2,1
2019-06-09 09:58:27,"b'RT @CoussinC: Informer, sensibiliser au #z\xc3\xa9rod\xc3\xa9chet pour faire des choix en conscience ! Belle ITW de @LaPlanneuse pour @ZD_Angers. Et un p\xe2\x80\xa6'",0,7
2019-06-09 06:48:40,"b'Come say hello and check out our vegan, natural and plastic free skin and hair care range on\xe2\x80\xa6 https://t.co/5jfiwjRsBe'",2,0
2019-06-09 01:02:02,b'RT @tosynesther: Lets take a break from leather....\xf0\x9f\x98\x89\nPlastic and fabric it is today!\n.\n.\n.\n#sustainablefashion #earrings #kente #african #a\xe2\x80\xa6',0,1
2019-06-09 00:56:50,b'Lets take a break from leather....\xf0\x9f\x98\x89\nPlastic and fabric it is today!\n.\n.\n.\n#sustainablefashion #earrings #kente\xe2\x80\xa6 https://t.co/rxX5ls4DkY',1,1
2019-06-09 00:00:05,b'Filled everything into our colourful bolga baskets to make the room tidy \xf0\x9f\x91\x8d\xf0\x9f\x91\x8d\xf0\x9f\x98\x99\xf0\x9f\x98\x99 \n\n\xf0\x9f\x8c\xb4 https://t.co/C1UEBudwBv \n.\xe2\xa0\x80\n.\n.\xe2\x80\xa6 https://t.co/7n1126fiFl',2,0
2019-06-08 23:37:28,b'#worldoceansday #saveouroceans #saveourplanet #reusable #banthebag #zerowasteliving #sneakeybag #sneakey https://t.co/Tqr1Y2FvcZ',0,0
2019-06-08 23:35:00,"b'Use promo code""PLANET "" and get 20% off of the COOLEST way to say you care.\n#GETSNEAKEY #rockstarinventor\xe2\x80\xa6 https://t.co/7DQ091jFHV'",0,0
2019-06-08 23:21:03,b'Have a Sneakey Good Day.\n#GETSNEAKEY #rockstarinventor #shapesherpa #saveouroceans #saveourplanet #reusable\xe2\x80\xa6 https://t.co/GaItqvTrw3',0,0
2019-06-08 20:39:41,b'#GETSNEAKEY #rockstarinventor #shapesherpa #saveouroceans #saveourplanet #reusable #banthebag #zerowasteliving\xe2\x80\xa6 https://t.co/hMozGSBI4j',0,0
2019-06-08 20:38:55,b'#sneakeyclean #saveouroceans #saveourplanet #reusable #banthebag #zerowasteliving #sneakey #sneakeybag https://t.co/Dynjx82lAd',0,0
2019-06-08 11:20:13,b'RT @Devonshiremag: Great packaging from English Heritage - made from potato starch\n#proudtobegreen #ecofriendly #devonwildlifetrust  #plast\xe2\x80\xa6',0,1
2019-06-08 09:00:02,b'RED HOT: Bright Red Jaeger Oversized Shirt Dress. SHOP NOW: https://t.co/xqkko0pPqt\n\n#vintage #jaeger\xe2\x80\xa6 https://t.co/DOfybvlNZO',1,0
2019-06-08 08:12:18,b'RT @melosky_83: Have you always wondered if your household could benefit from composting? Learn more about how to compost and what the best\xe2\x80\xa6',0,1
2019-06-08 08:02:07,b'Have you always wondered if your household could benefit from composting? Learn more about how to compost and what\xe2\x80\xa6 https://t.co/2eiGdWmKoK',2,1
2019-06-08 04:54:37,b'#frenchcheeseboard #cheeseplatter #cheeseboard #cheeseplate #cheeseandcrackers #crackersandcheese #antipasto\xe2\x80\xa6 https://t.co/OvIhWLJmhn',0,0
