Cost,Aesthetic,Product,Sustainability,Art,Convenience,Innovation,Advertisement
custom,design,milk,reuse,design,portability,expressions,test
price,vintage,cocacola,reusables,lines,test,new,test
expensive,test,juice,upcycling,test,test,innovation,test
cheap,test,kombucha,chooseglass,test,test,test,test
test,test,hello,sustainability,test,test,test,test
test,test,bottle,test,test,test,test,test
test,test,container,test,test,test,test,test
test,test,test,test,test,test,test,test
test,test,test,test,test,test,test,test
test,test,test,test,test,test,test,test
test,test,test,test,test,test,test,test
test,test,test,test,test,test,test,test
test,test,test,test,test,test,test,test
test,test,test,test,test,test,test,test
test,test,test,test,test,test,test,test
test,test,test,test,test,test,test,test
test,test,test,test,test,test,test,test
test,test,test,test,test,test,test,test
test,test,test,test,test,test,test,test
test,test,test,test,test,test,test,test
test,test,test,test,test,test,test,test
test,test,test,test,test,test,test,test
test,test,test,test,test,test,test,test
test,test,test,test,test,test,test,test
test,test,test,test,test,test,test,test
test,test,test,test,test,test,test,test
test,test,test,test,test,test,test,test
test,test,test,test,test,test,test,test
test,test,test,test,test,test,test,test
test,test,test,test,test,test,test,test
test,test,test,test,test,test,test,test
test,test,test,test,test,test,test,test
test,test,test,test,test,test,test,test
test,test,test,test,test,test,test,test
test,test,test,test,test,test,test,test
test,test,test,test,test,test,test,test
test,test,test,test,test,test,test,test
test,test,test,test,test,test,test,test
test,test,test,test,test,test,test,test
test,test,test,test,test,test,test,test
test,test,test,test,test,test,test,test
test,test,test,test,test,test,test,test
test,test,test,test,test,test,test,test
test,test,test,test,test,test,test,test
test,test,test,test,test,test,test,test
test,test,test,test,test,test,test,test
test,test,test,test,test,test,test,test
test,test,test,test,test,test,test,test
test,test,test,test,test,test,test,test
