Cost,Aesthetic,Product,Sustainability,Art,Convenience,Innovation,Advertisement,News,Test Column
custom,design,milk,reuse,design,portability,expressions,test,test,jklbhfbihfkjanj
price,vintage,cocacola,reusables,lines,test,new,test,test,test
expensive,test,juice,upcycling,test,test,innovation,test,test,test
cheap,test,kombucha,chooseglass,test,test,test,test,test,test
test,test,hello,sustainability,test,test,test,test,test,test
test,test,bottle,test,test,test,test,test,test,test
test,test,test,test,test,test,test,test,test,test
test,test,test,test,test,test,test,test,test,test
test,test,test,test,test,test,test,test,test,test
test,test,test,test,test,test,test,test,test,test
test,test,test,test,test,test,test,test,test,test
test,test,test,test,test,test,test,test,test,test
test,test,test,test,test,test,test,test,test,test
test,test,test,test,test,test,test,test,test,test
test,test,test,test,test,test,test,test,test,test
test,test,test,test,test,test,test,test,test,test
test,test,test,test,test,test,test,test,test,test
test,test,test,test,test,test,test,test,test,test
test,test,test,test,test,test,test,test,test,test
test,test,test,test,test,test,test,test,test,test
test,test,test,test,test,test,test,test,test,test
test,test,test,test,test,test,test,test,test,test
test,test,test,test,test,test,test,test,test,test
test,test,test,test,test,test,test,test,test,test
test,test,test,test,test,test,test,test,test,test
test,test,test,test,test,test,test,test,test,test
test,test,test,test,test,test,test,test,test,test
test,test,test,test,test,test,test,test,test,test
test,test,test,test,test,test,test,test,test,test
test,test,test,test,test,test,test,test,test,test
test,test,test,test,test,test,test,test,test,test
test,test,test,test,test,test,test,test,test,test
test,test,test,test,test,test,test,test,test,test
test,test,test,test,test,test,test,test,test,test
test,test,test,test,test,test,test,test,test,test
test,test,test,test,test,test,test,test,test,test
test,test,test,test,test,test,test,test,test,test
test,test,test,test,test,test,test,test,test,test
test,test,test,test,test,test,test,test,test,test
test,test,test,test,test,test,test,test,test,test
test,test,test,test,test,test,test,test,test,test
test,test,test,test,test,test,test,test,test,test
test,test,test,test,test,test,test,test,test,test
test,test,test,test,test,test,test,test,test,test
test,test,test,test,test,test,test,test,test,test
test,test,test,test,test,test,test,test,test,test
test,test,test,test,test,test,test,test,test,test
test,test,test,test,test,test,test,test,test,test
test,test,test,test,test,test,test,test,test,test
